modelo,config,query_id,P@10,R@10,AP,NDCG@10
vetorial,nada,1,0.5,0.17857142857142858,0.2157862231077745,0.4148925016891621
vetorial,nada,2,0.4,0.16666666666666666,0.1843984793317557,0.5462733990623777
vetorial,nada,3,0.5,0.625,0.5950831807081807,0.699114405707918
vetorial,nada,4,0.1,0.5,0.5909090909090909,0.6131471927654584
vetorial,nada,5,0.1,0.25,0.09510630498533723,0.15048880767085435
vetorial,nada,6,0.1,0.25,0.07686771812300049,0.14067013006711881
vetorial,nada,7,0.2,0.4,0.13750812014606326,0.24174372856281692
vetorial,nada,8,0.1,0.09090909090909091,0.068618637763679,0.09508977831648074
vetorial,nada,9,0.3,1.0,0.6428571428571429,0.8278123145308897
vetorial,nada,10,0.2,0.25,0.09318905258681033,0.19157602659138315
vetorial,nada,11,0.1,0.14285714285714285,0.14068895994976163,0.10176933156101466
vetorial,nada,12,0.2,0.4,0.2075824175824176,0.20420018479161695
vetorial,nada,13,0.0,0.0,0.0035316655800759844,0.0
vetorial,nada,14,0.2,1.0,0.6666666666666666,0.9406765852469334
vetorial,nada,15,0.2,1.0,0.8333333333333333,0.7601875334318685
vetorial,nada,16,0.1,0.3333333333333333,0.18787878787878787,0.23981246656813146
vetorial,nada,17,0.1,0.5,0.5212765957446809,0.7039180890341347
vetorial,nada,18,0.1,0.3333333333333333,0.09685990338164252,0.1815417925373527
vetorial,nada,19,0.1,0.1111111111111111,0.035847930294265806,0.07107495213134166
vetorial,nada,20,0.5,0.5555555555555556,0.486039886039886,0.4825458856047935
vetorial,nada,21,0.1,0.25,0.13000871080139373,0.24230258077527242
vetorial,nada,22,0.0,0.0,0.0018248175182481751,0.0
vetorial,nada,23,0.2,0.0625,0.11535102767865552,0.22453787657285357
vetorial,nada,24,0.2,0.6666666666666666,0.5578811369509044,0.7636451603657846
vetorial,nada,25,0.4,0.4444444444444444,0.42634801649757453,0.4605201488866635
vetorial,nada,26,0.2,0.3333333333333333,0.13337290480102862,0.2535161799800604
vetorial,nada,27,0.1,0.3333333333333333,0.10617897727272728,0.17985934992609856
vetorial,nada,28,0.0,0.0,0.0018835665030222195,0.0
vetorial,nada,29,0.4,0.4444444444444444,0.5000599490396519,0.5396241956967885
vetorial,nada,30,0.1,0.14285714285714285,0.059713613661710734,0.06953469985987615
vetorial,nada,31,0.0,0.0,0.0009082652134423251,0.0
vetorial,nada,32,0.1,0.16666666666666666,0.03830229019423055,0.04384183565490108
vetorial,nada,33,0.3,1.0,0.5333333333333333,0.6672406095331843
vetorial,nada,34,0.0,0.0,0.12556952503761012,0.0
vetorial,nada,35,0.0,0.0,0.028292322759338323,0.0
vetorial,nada,36,0.0,0.0,0.026855287569573286,0.0
vetorial,nada,37,0.1,0.1111111111111111,0.14020075798203957,0.0622223675987997
vetorial,nada,38,0.0,0.0,0.0444659550888767,0.0
vetorial,nada,39,0.3,0.23076923076923078,0.19470095619757516,0.25291986597582855
vetorial,nada,40,0.0,0.0,0.023004226789382996,0.0
vetorial,nada,41,0.3,1.0,0.7916666666666666,0.8916873528495691
vetorial,nada,42,0.2,0.4,0.1269280538302277,0.2665546524086155
vetorial,nada,43,0.5,0.8333333333333334,0.5189761354888376,0.7668341167369499
vetorial,nada,44,0.0,0.0,0.0023335189159486096,0.0
vetorial,nada,45,0.1,0.08333333333333333,0.1275889966192523,0.17659831200807974
vetorial,nada,46,0.3,0.2,0.2567347306248723,0.3945297490942449
vetorial,nada,47,0.4,0.2857142857142857,0.2423379426087651,0.3141915173909195
vetorial,nada,48,0.2,0.18181818181818182,0.18482513098818887,0.30654896058534786
vetorial,nada,49,0.1,0.5,0.2803030303030303,0.4796249331362629
vetorial,nada,50,0.1,0.16666666666666666,0.06782997452014526,0.2284312957394642
vetorial,nada,51,0.4,0.4,0.3384530645492304,0.32715604446574714
vetorial,nada,52,0.3,0.75,0.513095238095238,0.48237776266311505
vetorial,nada,53,0.3,0.3,0.27400208481343546,0.28046151317628504
vetorial,nada,54,0.1,0.1111111111111111,0.08600790445427055,0.10642623028782688
vetorial,nada,55,0.3,0.3,0.1741407887944039,0.23189683406990091
vetorial,nada,56,0.0,0.0,0.09154273204014499,0.0
vetorial,nada,57,0.0,0.0,0.05648470070807183,0.0
vetorial,nada,58,0.2,0.2222222222222222,0.11455859720869507,0.23377706220169647
vetorial,nada,59,0.1,0.25,0.057424610699737116,0.10887530903810089
vetorial,nada,60,0.2,0.4,0.45900871280618116,0.4327622083024971
vetorial,nada,61,0.2,0.4,0.17673385985524276,0.30981877415958703
vetorial,nada,62,0.0,0.0,0.017878819641722044,0.0
vetorial,nada,63,0.0,0.0,0.004735469451475306,0.0
vetorial,nada,64,0.1,0.5,0.5434782608695652,0.6787956981029196
vetorial,nada,65,0.5,0.3333333333333333,0.3022128999996299,0.527392470300786
vetorial,nada,66,0.2,0.4,0.16558797524314767,0.3258020218724434
vetorial,nada,67,0.6,0.42857142857142855,0.5982464321325587,0.65716817825119
vetorial,nada,68,0.2,0.4,0.09028008341980401,0.23228635400621572
vetorial,nada,69,0.0,0.0,0.020909473720429207,0.0
vetorial,nada,70,0.0,0.0,0.05292874839114864,0.0
vetorial,nada,71,0.0,0.0,0.036238810985902564,0.0
vetorial,nada,72,0.0,0.0,0.028111656619774054,0.0
vetorial,nada,73,0.5,0.25,0.2974102210838231,0.5549282797372836
vetorial,nada,74,0.0,0.0,0.056621684975383064,0.0
vetorial,nada,75,0.1,0.2,0.136521265688838,0.18295990522760897
vetorial,nada,76,0.1,0.14285714285714285,0.12684017929047822,0.14167166961578478
vetorial,nada,77,0.3,0.5,0.4453282828282829,0.29386869312826713
vetorial,nada,78,0.3,1.0,0.5888888888888889,0.6504198609257138
vetorial,nada,79,0.1,0.2,0.06713811199628197,0.18809346402717644
vetorial,nada,80,0.0,0.0,0.020886165280576487,0.0
vetorial,nada,81,0.1,0.5,0.10555555555555556,0.24968189257887646
vetorial,nada,82,0.3,0.6,0.577075511055486,0.6887518107307512
vetorial,nada,83,0.1,0.25,0.05858993157380254,0.13905617951077562
vetorial,nada,84,0.2,0.18181818181818182,0.10070706383567679,0.12978676803338104
vetorial,nada,85,0.1,0.25,0.09487326946249063,0.1289633271351919
vetorial,nada,86,0.2,1.0,0.5833333333333333,0.6934264036172708
vetorial,nada,87,0.0,0.0,0.010135618305541706,0.0
vetorial,nada,88,0.6,1.0,0.8134920634920634,0.8471427907752341
vetorial,nada,89,0.1,0.16666666666666666,0.16803652673217886,0.21226838189890232
vetorial,nada,90,0.3,0.23076923076923078,0.21156712863936636,0.18174089820730674
vetorial,nada,91,0.1,0.1111111111111111,0.14219145075737513,0.12628367617227435
vetorial,nada,92,0.6,0.46153846153846156,0.49380331338620836,0.3636871639023556
vetorial,nada,93,0.1,1.0,0.5,0.6309297535714575
vetorial,nada,94,0.5,0.4166666666666667,0.5281945613226401,0.52481997523692
vetorial,nada,95,0.0,0.0,0.11688311688311688,0.0
vetorial,nada,96,0.5,0.38461538461538464,0.3302202710802462,0.3269802822980401
vetorial,nada,97,0.2,0.2,0.14776812588557695,0.287990002102775
vetorial,nada,98,0.0,0.0,0.008676023501090608,0.0
vetorial,nada,99,0.2,0.5,0.16640293529404965,0.3112253005695224
vetorial,nada,100,0.2,0.2222222222222222,0.14594625891329469,0.20703761675177507
vetorial,nada,101,0.5,0.8333333333333334,0.504070004070004,0.624814703026224
vetorial,nada,102,0.2,0.5,0.3601814516129032,0.44539833841715704
vetorial,nada,103,0.0,0.0,0.042795334838224224,0.0
vetorial,nada,104,0.2,0.4,0.21004725289793164,0.27727342735504823
vetorial,nada,105,0.2,0.4,0.37673281726483693,0.6331583852663827
vetorial,nada,106,0.1,0.2,0.11930735930735932,0.1096601452306679
vetorial,nada,107,0.2,0.2857142857142857,0.3499723888266785,0.36942418371686553
vetorial,nada,108,0.6,0.8571428571428571,0.8843537414965985,0.8099793213882299
vetorial,nada,109,0.0,0.0,0.021365831644126795,0.0
vetorial,nada,110,0.0,0.0,0.015527408360741693,0.0
vetorial,nada,111,0.3,0.42857142857142855,0.26973162605185075,0.30042210429207
vetorial,nada,112,0.1,0.5,0.1923076923076923,0.19004688335796713
vetorial,nada,113,0.2,0.5,0.4315905448717948,0.5855700749881525
vetorial,nada,114,0.0,0.0,0.05585267005721552,0.0
vetorial,nada,115,0.0,0.0,0.019231929506247147,0.0
vetorial,nada,116,0.1,0.2,0.054932760783081104,0.09486127395381615
vetorial,nada,117,0.0,0.0,0.024462365591397847,0.0
vetorial,nada,118,0.1,0.3333333333333333,0.13006993006993006,0.10987173866025332
vetorial,nada,119,0.1,1.0,0.25,0.43067655807339306
vetorial,nada,120,0.4,0.4444444444444444,0.3893729286586429,0.4813822352666704
vetorial,nada,121,0.4,0.5714285714285714,0.5001242236024844,0.5411862568296919
vetorial,nada,122,0.2,0.2222222222222222,0.1611267208850894,0.1444147858240329
vetorial,nada,123,0.0,0.0,0.035873015873015876,0.0
vetorial,nada,124,0.0,0.0,0.00352327788219107,0.0
vetorial,nada,125,0.2,0.11764705882352941,0.14580886623509065,0.16653358750703343
vetorial,nada,126,0.2,0.25,0.22497509202582006,0.4718040076989788
vetorial,nada,127,0.1,0.2,0.06277865089620756,0.1283624763817471
vetorial,nada,128,0.0,0.0,0.012895434003428394,0.0
vetorial,nada,129,0.4,0.5714285714285714,0.4585973779131298,0.5498798600548418
vetorial,nada,130,0.3,0.6,0.4121749408983451,0.5458152428905724
vetorial,nada,131,0.1,0.125,0.24723519127930893,0.140096995093594
vetorial,nada,132,0.7,0.4666666666666667,0.6596986744179727,0.6431909031896195
vetorial,nada,133,0.1,0.14285714285714285,0.21151234996236495,0.12905153795943472
vetorial,nada,134,0.0,0.0,0.05829228243021346,0.0
vetorial,nada,135,0.3,0.375,0.4685336824123589,0.25729114201616105
vetorial,nada,136,0.1,0.3333333333333333,0.21452991452991452,0.49186387954915173
vetorial,nada,137,0.2,0.5,0.1630338784583019,0.2495454391052197
vetorial,nada,138,0.0,0.0,0.04993885038728088,0.0
vetorial,nada,139,0.0,0.0,0.00626763975189172,0.0
vetorial,nada,140,0.1,0.16666666666666666,0.11307262041620865,0.2508964126725128
vetorial,nada,141,0.2,0.3333333333333333,0.2353691573726794,0.45391127530971964
vetorial,nada,142,0.0,0.0,0.001287001287001287,0.0
vetorial,nada,143,0.1,0.5,0.11274509803921567,0.21840743681816419
vetorial,nada,144,0.5,0.8333333333333334,0.7464285714285714,0.8135275303816758
vetorial,nada,145,0.4,0.5714285714285714,0.4905015944786009,0.6263065635108556
vetorial,nada,146,0.2,1.0,0.625,0.6199062332840657
vetorial,nada,147,0.3,0.3,0.2896596696366207,0.4140486317733214
vetorial,nada,148,0.3,0.5,0.43903286256227436,0.6286824150385667
vetorial,nada,149,0.4,0.36363636363636365,0.32708021043385493,0.4341754806679218
vetorial,nada,150,0.2,1.0,0.5833333333333333,0.6934264036172708
vetorial,nada,151,0.0,0.0,0.015468477379322965,0.0
vetorial,nada,152,0.1,0.16666666666666666,0.03157287307096917,0.1615549582363037
vetorial,nada,153,0.3,0.42857142857142855,0.2329720542915179,0.27746701228647497
vetorial,nada,154,0.2,1.0,0.30952380952380953,0.46927872602275644
vetorial,nada,155,0.3,0.5,0.40224283154611024,0.4026679609792231
vetorial,nada,156,0.6,0.42857142857142855,0.494973647074891,0.519125722475842
vetorial,nada,157,0.5,0.1282051282051282,0.29017172712933365,0.322124973745486
vetorial,nada,158,0.1,0.125,0.09386289042400918,0.1404185650537983
vetorial,nada,159,0.0,0.0,0.03771903365090451,0.0
vetorial,nada,160,0.1,0.2,0.05718513317542775,0.14025592292804667
vetorial,nada,161,0.3,0.5,0.4478529136423873,0.7042149599999705
vetorial,nada,162,0.3,0.375,0.26921478909167185,0.3478848489326321
vetorial,nada,163,0.2,0.6666666666666666,0.2231182795698925,0.38364913903790027
vetorial,nada,164,0.3,0.375,0.31119083452936463,0.40244770764543103
vetorial,nada,165,0.2,1.0,0.30952380952380953,0.5109559939712153
vetorial,nada,166,0.0,0.0,0.015896767014427077,0.0
vetorial,nada,167,0.1,0.5,0.10250000000000001,0.22206143322439892
vetorial,nada,168,0.1,0.5,0.1012531328320802,0.23719771276929622
vetorial,nada,169,0.2,0.5,0.16807264373053846,0.3191471544989227
vetorial,nada,170,0.5,0.8333333333333334,0.708495670995671,0.811914158088698
vetorial,nada,171,0.2,0.6666666666666666,0.4797979797979797,0.6440632099725021
vetorial,nada,172,0.4,1.0,0.7708333333333333,0.8867092006906816
vetorial,nada,173,0.2,1.0,0.5833333333333333,0.6934264036172708
vetorial,nada,174,0.0,0.0,0.040748077985742814,0.0
vetorial,nada,175,0.1,0.2,0.06773566153626376,0.16094346524940684
vetorial,nada,176,0.1,0.14285714285714285,0.06080385760914723,0.10458082268679351
vetorial,nada,177,0.3,0.6,0.5533333333333335,0.4834883663853112
vetorial,nada,178,0.2,0.5,0.5265151515151515,0.807423638286933
vetorial,nada,179,0.2,0.5,0.17012080349041486,0.3191471544989227
vetorial,nada,180,0.3,0.42857142857142855,0.28369609402107704,0.28251820369288433
vetorial,nada,181,0.1,0.2,0.12597282722282724,0.12456638455037519
vetorial,nada,182,0.2,1.0,0.5,0.6433224083306327
vetorial,nada,183,0.7,0.5384615384615384,0.5335964369567384,0.6509715429169093
vetorial,nada,184,0.2,0.2857142857142857,0.18833943833943836,0.2271928962669731
vetorial,nada,185,0.6,0.6666666666666666,0.7327940577940577,0.732037587176885
vetorial,nada,186,0.3,0.1875,0.16745489280490253,0.36211082347570717
vetorial,nada,187,0.1,0.16666666666666666,0.12406233805623533,0.15992002911428893
vetorial,nada,188,0.4,0.36363636363636365,0.3257496087710198,0.5204543482798325
vetorial,nada,189,0.0,0.0,0.07729394831021717,0.0
vetorial,nada,190,0.3,0.6,0.5768115942028985,0.592487619389964
vetorial,nada,191,0.4,0.3076923076923077,0.3445681725093489,0.21327502725482098
vetorial,nada,192,0.2,0.5,0.21776729559748426,0.31834121936641585
vetorial,nada,193,0.6,0.6666666666666666,0.7025688431938432,0.5563009328795337
vetorial,nada,194,0.1,0.16666666666666666,0.15775183150183147,0.11344644736695528
vetorial,nada,195,0.0,0.0,0.03814333814333814,0.0
vetorial,nada,196,0.2,0.16666666666666666,0.09133468542337125,0.1665432339492334
vetorial,nada,197,0.2,0.6666666666666666,0.6324786324786325,0.6651640917528849
vetorial,nada,198,0.2,0.5,0.19593122394846532,0.3159614955354561
vetorial,nada,199,0.1,0.125,0.06033921420089873,0.0669385772458192
vetorial,nada,200,0.1,0.3333333333333333,0.14199730735725033,0.23463936301137825
vetorial,nada,201,0.4,0.25,0.2781977164914059,0.5114497648897467
vetorial,nada,202,0.2,0.14285714285714285,0.10130363550549358,0.08674908410699024
vetorial,nada,203,0.4,0.2857142857142857,0.1556677341987443,0.3934543782609027
vetorial,nada,204,0.0,0.0,0.035561719107418135,0.0
vetorial,nada,205,0.0,0.0,0.017404564097171102,0.0
vetorial,nada,206,0.2,0.6666666666666666,0.17927478376580172,0.37828944569408407
vetorial,nada,207,0.0,0.0,0.05139876878914312,0.0
vetorial,nada,208,0.5,0.8333333333333334,0.47200435729847495,0.6526934966311928
vetorial,nada,209,0.3,0.25,0.11624856960305374,0.16549087644382765
vetorial,nada,210,0.2,0.3333333333333333,0.3905332503371719,0.5367050799050339
vetorial,nada,211,0.1,0.09090909090909091,0.14767260465585205,0.06915853724156651
vetorial,nada,212,0.5,0.35714285714285715,0.3947608121926486,0.37311105109190484
vetorial,nada,213,0.5,0.45454545454545453,0.5091571975261814,0.6893986830673035
vetorial,nada,214,0.1,0.25,0.1619140633877397,0.24630238874073
vetorial,nada,215,0.0,0.0,0.015219907407407408,0.0
vetorial,nada,216,0.0,0.0,0.0019083969465648854,0.0
vetorial,nada,217,0.2,0.13333333333333333,0.14473775943284173,0.20980753140234676
vetorial,nada,218,0.0,0.0,0.10334833322678638,0.0
vetorial,nada,219,0.0,0.0,0.030185681005191835,0.0
vetorial,nada,220,0.1,0.05263157894736842,0.09152176587946252,0.03609358641829088
vetorial,nada,221,0.2,0.1111111111111111,0.08884179371109625,0.09799094631607551
vetorial,nada,222,0.3,0.3333333333333333,0.2685042836734455,0.3253310028008726
vetorial,nada,223,0.1,0.25,0.20210196779964223,0.24630238874073
vetorial,nada,224,0.0,0.0,0.1181881182428177,0.0
vetorial,nada,225,0.2,0.08333333333333333,0.05802389368699598,0.09799094631607551
vetorial,stopwords,1,0.5,0.17857142857142858,0.22356270621942737,0.43138542752616477
vetorial,stopwords,2,0.5,0.20833333333333334,0.19327830878238964,0.5733475280616471
vetorial,stopwords,3,0.6,0.75,0.6287371700879765,0.772231244151828
vetorial,stopwords,4,0.2,1.0,0.6,0.7903864795495061
vetorial,stopwords,5,0.1,0.25,0.1394179894179894,0.16992444743091037
vetorial,stopwords,6,0.1,0.25,0.0860098235098235,0.14067013006711881
vetorial,stopwords,7,0.2,0.4,0.13727893231003158,0.24174372856281692
vetorial,stopwords,8,0.1,0.09090909090909091,0.07009602475521703,0.08898358573137954
vetorial,stopwords,9,0.3,1.0,0.6428571428571429,0.8278123145308897
vetorial,stopwords,10,0.2,0.25,0.08964461487476359,0.18782917796446988
vetorial,stopwords,11,0.1,0.14285714285714285,0.14134246864849145,0.10176933156101466
vetorial,stopwords,12,0.2,0.4,0.24717529116909925,0.23376233170843608
vetorial,stopwords,13,0.0,0.0,0.0,0.0
vetorial,stopwords,14,0.2,1.0,0.6666666666666666,0.9406765852469334
vetorial,stopwords,15,0.2,1.0,0.8333333333333333,0.7601875334318685
vetorial,stopwords,16,0.1,0.3333333333333333,0.17936507936507937,0.23981246656813146
vetorial,stopwords,17,0.1,0.5,0.5161290322580645,0.7039180890341347
vetorial,stopwords,18,0.1,0.3333333333333333,0.0996031746031746,0.1815417925373527
vetorial,stopwords,19,0.0,0.0,0.013346085086239856,0.0
vetorial,stopwords,20,0.5,0.5555555555555556,0.5051587301587301,0.48674578679121405
vetorial,stopwords,21,0.1,0.25,0.13604102701019,0.24230258077527242
vetorial,stopwords,22,0.0,0.0,0.0,0.0
vetorial,stopwords,23,0.2,0.0625,0.13915449217670392,0.23538415023223674
vetorial,stopwords,24,0.2,0.6666666666666666,0.5578920041536863,0.7636451603657846
vetorial,stopwords,25,0.4,0.4444444444444444,0.47881758574504424,0.4945038612030776
vetorial,stopwords,26,0.2,0.3333333333333333,0.14540960129195424,0.2585174689554837
vetorial,stopwords,27,0.1,0.3333333333333333,0.11268939393939394,0.19004688335796713
vetorial,stopwords,28,0.0,0.0,0.001141552511415525,0.0
vetorial,stopwords,29,0.5,0.5555555555555556,0.5074741692832376,0.5681857486524039
vetorial,stopwords,30,0.1,0.14285714285714285,0.058502707554115144,0.06953469985987615
vetorial,stopwords,31,0.0,0.0,0.001026694045174538,0.0
vetorial,stopwords,32,0.1,0.16666666666666666,0.038370454724497106,0.04384183565490108
vetorial,stopwords,33,0.3,1.0,0.5333333333333333,0.6672406095331843
vetorial,stopwords,34,0.1,0.16666666666666666,0.13481747918022427,0.07328439752622513
vetorial,stopwords,35,0.0,0.0,0.029966329966329964,0.0
vetorial,stopwords,36,0.0,0.0,0.02836496980155306,0.0
vetorial,stopwords,37,0.1,0.1111111111111111,0.15403914925654055,0.07025839061197336
vetorial,stopwords,38,0.0,0.0,0.03130378199229629,0.0
vetorial,stopwords,39,0.2,0.15384615384615385,0.19999205367149855,0.22721152029093705
vetorial,stopwords,40,0.0,0.0,0.024346547236535312,0.0
vetorial,stopwords,41,0.3,1.0,0.8333333333333334,0.9119982885888461
vetorial,stopwords,42,0.2,0.4,0.12616869160182867,0.26304103890982655
vetorial,stopwords,43,0.4,0.6666666666666666,0.4738535435925322,0.7080161981607205
vetorial,stopwords,44,0.0,0.0,0.0,0.0
vetorial,stopwords,45,0.1,0.08333333333333333,0.133471660477124,0.17659831200807974
vetorial,stopwords,46,0.4,0.26666666666666666,0.28999680804952527,0.42980740185840227
vetorial,stopwords,47,0.3,0.21428571428571427,0.24990625303327782,0.24463908467024417
vetorial,stopwords,48,0.2,0.18181818181818182,0.190167353077263,0.30654896058534786
vetorial,stopwords,49,0.1,0.5,0.2803030303030303,0.4796249331362629
vetorial,stopwords,50,0.1,0.16666666666666666,0.09754062580759425,0.2882482022578177
vetorial,stopwords,51,0.4,0.4,0.3795365045311411,0.3341696253032752
vetorial,stopwords,52,0.3,0.75,0.5625,0.5016452809607169
vetorial,stopwords,53,0.3,0.3,0.2891219002243786,0.28046151317628504
vetorial,stopwords,54,0.1,0.1111111111111111,0.07706007698621375,0.10642623028782688
vetorial,stopwords,55,0.3,0.3,0.2217783176721458,0.32995028818219024
vetorial,stopwords,56,0.0,0.0,0.0959674678720763,0.0
vetorial,stopwords,57,0.1,0.07142857142857142,0.06575258185077247,0.11676437857730142
vetorial,stopwords,58,0.2,0.2222222222222222,0.11066625203464683,0.22692972551677607
vetorial,stopwords,59,0.1,0.25,0.09425675675675675,0.14067013006711881
vetorial,stopwords,60,0.2,0.4,0.4411345411345411,0.41122554461500466
vetorial,stopwords,61,0.2,0.4,0.1804462778284624,0.3034124251325962
vetorial,stopwords,62,0.0,0.0,0.026751463811108923,0.0
vetorial,stopwords,63,0.0,0.0,0.0075864032481679534,0.0
vetorial,stopwords,64,0.1,0.5,0.5909090909090909,0.6787956981029196
vetorial,stopwords,65,0.5,0.3333333333333333,0.3141008765177503,0.527392470300786
vetorial,stopwords,66,0.2,0.4,0.17036497984773846,0.34121591778717186
vetorial,stopwords,67,0.6,0.42857142857142855,0.5903377317893913,0.6684895233998203
vetorial,stopwords,68,0.2,0.4,0.08920114493884986,0.23228635400621572
vetorial,stopwords,69,0.0,0.0,0.024029920625237705,0.0
vetorial,stopwords,70,0.0,0.0,0.05317695091618148,0.0
vetorial,stopwords,71,0.0,0.0,0.034885226327151034,0.0
vetorial,stopwords,72,0.0,0.0,0.03541832287993224,0.0
vetorial,stopwords,73,0.5,0.25,0.29980939897509973,0.5546984304378273
vetorial,stopwords,74,0.0,0.0,0.06296799024730058,0.0
vetorial,stopwords,75,0.1,0.2,0.13723559831072785,0.18295990522760897
vetorial,stopwords,76,0.1,0.14285714285714285,0.10927572074763371,0.14167166961578478
vetorial,stopwords,77,0.3,0.5,0.428994338994339,0.369030081781707
vetorial,stopwords,78,0.3,1.0,0.5888888888888889,0.6504198609257138
vetorial,stopwords,79,0.1,0.2,0.07484081181618245,0.18809346402717644
vetorial,stopwords,80,0.0,0.0,0.021086536649707933,0.0
vetorial,stopwords,81,0.1,0.5,0.1380952380952381,0.2879191445961887
vetorial,stopwords,82,0.3,0.6,0.5003174603174603,0.6499585627060159
vetorial,stopwords,83,0.1,0.25,0.06987073958904945,0.15101961822780524
vetorial,stopwords,84,0.1,0.09090909090909091,0.09674494424906353,0.05944537412437326
vetorial,stopwords,85,0.1,0.25,0.0965315248594624,0.1289633271351919
vetorial,stopwords,86,0.2,1.0,0.5833333333333333,0.6934264036172708
vetorial,stopwords,87,0.0,0.0,0.00782149470770363,0.0
vetorial,stopwords,88,0.4,0.6666666666666666,0.6368149824032177,0.5626824016362891
vetorial,stopwords,89,0.1,0.16666666666666666,0.1628194510494073,0.21226838189890232
vetorial,stopwords,90,0.3,0.23076923076923078,0.21767173444254542,0.18174089820730674
vetorial,stopwords,91,0.1,0.1111111111111111,0.15560328951711824,0.14058943861238676
vetorial,stopwords,92,0.7,0.5384615384615384,0.5099682252375083,0.42260490317174926
vetorial,stopwords,93,0.1,1.0,0.5,0.6309297535714575
vetorial,stopwords,94,0.5,0.4166666666666667,0.5069741995581761,0.5068569396487612
vetorial,stopwords,95,0.1,0.5,0.1388888888888889,0.0650042241370259
vetorial,stopwords,96,0.5,0.38461538461538464,0.34431566846228906,0.3343450788159565
vetorial,stopwords,97,0.2,0.2,0.1498707853031262,0.2917356965616352
vetorial,stopwords,98,0.0,0.0,0.010285378780323947,0.0
vetorial,stopwords,99,0.2,0.5,0.244047619047619,0.3857193836860053
vetorial,stopwords,100,0.3,0.3333333333333333,0.18074981656852998,0.27853225198241066
vetorial,stopwords,101,0.5,0.8333333333333334,0.5188492063492064,0.6279626644818542
vetorial,stopwords,102,0.2,0.5,0.3625,0.44539833841715704
vetorial,stopwords,103,0.0,0.0,0.045454545454545456,0.0
vetorial,stopwords,104,0.3,0.6,0.21359395109395107,0.3689770476651123
vetorial,stopwords,105,0.2,0.4,0.3822316260518507,0.6331583852663827
vetorial,stopwords,106,0.1,0.2,0.1154780891622997,0.09903297912989853
vetorial,stopwords,107,0.2,0.2857142857142857,0.3567568038667783,0.36942418371686553
vetorial,stopwords,108,0.6,0.8571428571428571,0.8983516483516484,0.8064241338285597
vetorial,stopwords,109,0.0,0.0,0.01939443535188216,0.0
vetorial,stopwords,110,0.0,0.0,0.0165448510345518,0.0
vetorial,stopwords,111,0.4,0.5714285714285714,0.29360305525719055,0.36941203397493266
vetorial,stopwords,112,0.1,0.5,0.19696969696969696,0.19004688335796713
vetorial,stopwords,113,0.2,0.5,0.5165362731152205,0.6366824387328317
vetorial,stopwords,114,0.0,0.0,0.0556508632433643,0.0
vetorial,stopwords,115,0.0,0.0,0.01840054861403541,0.0
vetorial,stopwords,116,0.1,0.2,0.058245926820423156,0.09486127395381615
vetorial,stopwords,117,0.0,0.0,0.03412698412698413,0.0
vetorial,stopwords,118,0.1,0.3333333333333333,0.12857142857142856,0.10987173866025332
vetorial,stopwords,119,0.1,1.0,0.25,0.43067655807339306
vetorial,stopwords,120,0.4,0.4444444444444444,0.39513909036685607,0.4813822352666704
vetorial,stopwords,121,0.4,0.5714285714285714,0.47960927960927957,0.5256637895446189
vetorial,stopwords,122,0.3,0.3333333333333333,0.26086381875035936,0.21499532651344003
vetorial,stopwords,123,0.0,0.0,0.04554655870445344,0.0
vetorial,stopwords,124,0.0,0.0,0.004788922276775813,0.0
vetorial,stopwords,125,0.2,0.11764705882352941,0.1467361196605957,0.16653358750703343
vetorial,stopwords,126,0.2,0.25,0.21959516565246787,0.4718040076989788
vetorial,stopwords,127,0.1,0.2,0.06345510723891955,0.1283624763817471
vetorial,stopwords,128,0.0,0.0,0.01278937995790837,0.0
vetorial,stopwords,129,0.4,0.5714285714285714,0.46442072705338716,0.5498798600548418
vetorial,stopwords,130,0.3,0.6,0.3947826086956522,0.5406106708192723
vetorial,stopwords,131,0.2,0.25,0.2561374330433928,0.2027845855761118
vetorial,stopwords,132,0.7,0.4666666666666667,0.6267728984395651,0.57594032881686
vetorial,stopwords,133,0.1,0.14285714285714285,0.21258761877956925,0.12905153795943472
vetorial,stopwords,134,0.0,0.0,0.05505952380952381,0.0
vetorial,stopwords,135,0.3,0.375,0.4685336824123589,0.25729114201616105
vetorial,stopwords,136,0.1,0.3333333333333333,0.22036036036036033,0.49186387954915173
vetorial,stopwords,137,0.2,0.5,0.16372744750073942,0.2495454391052197
vetorial,stopwords,138,0.0,0.0,0.04583333333333333,0.0
vetorial,stopwords,139,0.0,0.0,0.007070591011213486,0.0
vetorial,stopwords,140,0.1,0.16666666666666666,0.11644993597804844,0.2508964126725128
vetorial,stopwords,141,0.2,0.3333333333333333,0.2588031587061937,0.4692356214278736
vetorial,stopwords,142,0.0,0.0,0.0016835016835016834,0.0
vetorial,stopwords,143,0.1,0.5,0.11904761904761904,0.21840743681816419
vetorial,stopwords,144,0.5,0.8333333333333334,0.7519230769230769,0.8135275303816758
vetorial,stopwords,145,0.4,0.5714285714285714,0.4923605511655827,0.6263065635108556
vetorial,stopwords,146,0.2,1.0,0.6111111111111112,0.6089330166087422
vetorial,stopwords,147,0.3,0.3,0.29698120915032683,0.4179020342187793
vetorial,stopwords,148,0.3,0.5,0.4407793209876543,0.6286824150385667
vetorial,stopwords,149,0.4,0.36363636363636365,0.34735481999334045,0.4412851793128928
vetorial,stopwords,150,0.2,1.0,0.5833333333333333,0.6934264036172708
vetorial,stopwords,151,0.0,0.0,0.017041148794744193,0.0
vetorial,stopwords,152,0.1,0.16666666666666666,0.09602979280908584,0.3057894899648346
vetorial,stopwords,153,0.3,0.42857142857142855,0.2455679241393527,0.27746701228647497
vetorial,stopwords,154,0.2,1.0,0.30952380952380953,0.46927872602275644
vetorial,stopwords,155,0.3,0.5,0.43636363636363634,0.42677449645710014
vetorial,stopwords,156,0.6,0.42857142857142855,0.49893364828194925,0.5170628845000868
vetorial,stopwords,157,0.5,0.1282051282051282,0.2823987949373677,0.34244776929894427
vetorial,stopwords,158,0.2,0.25,0.24840784215784215,0.42022992899415496
vetorial,stopwords,159,0.0,0.0,0.03923748151752712,0.0
vetorial,stopwords,160,0.1,0.2,0.06021012903510285,0.14025592292804667
vetorial,stopwords,161,0.3,0.5,0.4318982080212868,0.7001273525686669
vetorial,stopwords,162,0.3,0.375,0.2776150626783886,0.3478848489326321
vetorial,stopwords,163,0.2,0.6666666666666666,0.2023184601924759,0.36926780146674987
vetorial,stopwords,164,0.3,0.375,0.3278685058576362,0.40244770764543103
vetorial,stopwords,165,0.2,1.0,0.375,0.5802792108518124
vetorial,stopwords,166,0.0,0.0,0.018098316502014326,0.0
vetorial,stopwords,167,0.1,0.5,0.10416666666666666,0.22206143322439892
vetorial,stopwords,168,0.1,0.5,0.12626262626262627,0.2640681225725909
vetorial,stopwords,169,0.2,0.5,0.17107364401955205,0.3191471544989227
vetorial,stopwords,170,0.5,0.8333333333333334,0.6985833760027308,0.8084106577190735
vetorial,stopwords,171,0.3,1.0,0.4888888888888889,0.6852187325282801
vetorial,stopwords,172,0.4,1.0,0.7708333333333333,0.8867092006906816
vetorial,stopwords,173,0.2,1.0,0.5833333333333333,0.6934264036172708
vetorial,stopwords,174,0.0,0.0,0.03973410717971556,0.0
vetorial,stopwords,175,0.1,0.2,0.06739969174361832,0.16094346524940684
vetorial,stopwords,176,0.1,0.14285714285714285,0.06791114229972926,0.10458082268679351
vetorial,stopwords,177,0.3,0.6,0.5866666666666667,0.5126118037239903
vetorial,stopwords,178,0.2,0.5,0.5142857142857142,0.807423638286933
vetorial,stopwords,179,0.2,0.5,0.16926536043683751,0.3191471544989227
vetorial,stopwords,180,0.3,0.42857142857142855,0.4234468072481779,0.36954222770300305
vetorial,stopwords,181,0.1,0.2,0.12373081505715093,0.12456638455037519
vetorial,stopwords,182,0.2,1.0,0.5,0.6433224083306327
vetorial,stopwords,183,0.7,0.5384615384615384,0.5739541323265883,0.645152560930686
vetorial,stopwords,184,0.2,0.2857142857142857,0.16609624783626925,0.23747539163851786
vetorial,stopwords,185,0.6,0.6666666666666666,0.7327940577940577,0.732037587176885
vetorial,stopwords,186,0.4,0.25,0.18449400883765196,0.4472539411173282
vetorial,stopwords,187,0.2,0.3333333333333333,0.16484447016957146,0.27384935658035664
vetorial,stopwords,188,0.4,0.36363636363636365,0.325869117006196,0.5204543482798325
vetorial,stopwords,189,0.0,0.0,0.069438839426612,0.0
vetorial,stopwords,190,0.3,0.6,0.7159663865546217,0.6754186902922906
vetorial,stopwords,191,0.4,0.3076923076923077,0.3629286037788618,0.21563871362856438
vetorial,stopwords,192,0.2,0.5,0.20833333333333331,0.31834121936641585
vetorial,stopwords,193,0.7,0.7777777777777778,0.7096596596596596,0.6411191695244101
vetorial,stopwords,194,0.2,0.3333333333333333,0.16139550580544368,0.14623982497146562
vetorial,stopwords,195,0.0,0.0,0.03980030721966205,0.0
vetorial,stopwords,196,0.2,0.16666666666666666,0.08467355015677881,0.15561968256223144
vetorial,stopwords,197,0.2,0.6666666666666666,0.7435897435897436,0.7398124665681314
vetorial,stopwords,198,0.2,0.5,0.20106893542757417,0.30729752287992035
vetorial,stopwords,199,0.1,0.125,0.07931101842853876,0.0669385772458192
vetorial,stopwords,200,0.1,0.3333333333333333,0.1467236467236467,0.23463936301137825
vetorial,stopwords,201,0.4,0.25,0.3059126910296916,0.5466449670108229
vetorial,stopwords,202,0.2,0.14285714285714285,0.08532329987993072,0.08809271801127867
vetorial,stopwords,203,0.3,0.21428571428571427,0.15448791577396562,0.33028323767390333
vetorial,stopwords,204,0.1,0.07142857142857142,0.05010442330942248,0.12232256082274844
vetorial,stopwords,205,0.0,0.0,0.017948717948717947,0.0
vetorial,stopwords,206,0.2,0.6666666666666666,0.1794334069168506,0.37828944569408407
vetorial,stopwords,207,0.0,0.0,0.06053292028710261,0.0
vetorial,stopwords,208,0.5,0.8333333333333334,0.5188492063492064,0.6744325882366224
vetorial,stopwords,209,0.3,0.25,0.11417040707220093,0.1621988127732359
vetorial,stopwords,210,0.2,0.3333333333333333,0.3906895247550497,0.5367050799050339
vetorial,stopwords,211,0.0,0.0,0.10973535924846996,0.0
vetorial,stopwords,212,0.5,0.35714285714285715,0.40089711809987955,0.3854703205959969
vetorial,stopwords,213,0.5,0.45454545454545453,0.5177936353604804,0.6893986830673035
vetorial,stopwords,214,0.1,0.25,0.1655486542443064,0.24630238874073
vetorial,stopwords,215,0.0,0.0,0.01660465757199945,0.0
vetorial,stopwords,216,0.0,0.0,0.0027397260273972603,0.0
vetorial,stopwords,217,0.2,0.13333333333333333,0.1588685753156532,0.23083441349301012
vetorial,stopwords,218,0.0,0.0,0.11455305081844798,0.0
vetorial,stopwords,219,0.0,0.0,0.03620171743787229,0.0
vetorial,stopwords,220,0.1,0.05263157894736842,0.09305469499620843,0.03609358641829088
vetorial,stopwords,221,0.2,0.1111111111111111,0.08999583814160507,0.09799094631607551
vetorial,stopwords,222,0.3,0.3333333333333333,0.27127530282245615,0.3253310028008726
vetorial,stopwords,223,0.1,0.25,0.1961812697106815,0.24630238874073
vetorial,stopwords,224,0.0,0.0,0.12813897023455847,0.0
vetorial,stopwords,225,0.2,0.08333333333333333,0.06893028451068098,0.12753346244071373
vetorial,stemming,1,0.3,0.10714285714285714,0.1661249520311777,0.25308651504698143
vetorial,stemming,2,0.4,0.16666666666666666,0.22273226156735193,0.5843670254596142
vetorial,stemming,3,0.6,0.75,0.5996541835357625,0.6590918651313924
vetorial,stemming,4,0.1,0.5,0.537037037037037,0.6131471927654584
vetorial,stemming,5,0.2,0.5,0.21805555555555556,0.26950580364746585
vetorial,stemming,6,0.1,0.25,0.06483690833343456,0.12635615681975276
vetorial,stemming,7,0.2,0.4,0.12658143042547965,0.22828034595736055
vetorial,stemming,8,0.1,0.09090909090909091,0.0831154826488303,0.09508977831648074
vetorial,stemming,9,0.3,1.0,0.6666666666666666,0.8385465274895064
vetorial,stemming,10,0.3,0.375,0.18141374994053566,0.3074632499451256
vetorial,stemming,11,0.1,0.14285714285714285,0.09565170002279724,0.04855631116637265
vetorial,stemming,12,0.2,0.4,0.3199761707826224,0.48355410275183836
vetorial,stemming,13,0.0,0.0,0.003577916000551308,0.0
vetorial,stemming,14,0.2,1.0,0.75,0.9567574534371579
vetorial,stemming,15,0.2,1.0,0.625,0.6199062332840657
vetorial,stemming,16,0.1,0.3333333333333333,0.18681565921703916,0.23981246656813146
vetorial,stemming,17,0.1,0.5,0.5169491525423728,0.7039180890341347
vetorial,stemming,18,0.1,0.3333333333333333,0.07371567073059611,0.1671604549662023
vetorial,stemming,19,0.1,0.1111111111111111,0.05124651370143622,0.07107495213134166
vetorial,stemming,20,0.5,0.5555555555555556,0.5055799220272905,0.4983273986856962
vetorial,stemming,21,0.0,0.0,0.06628289473684211,0.0
vetorial,stemming,22,0.0,0.0,0.0018552875695732839,0.0
vetorial,stemming,23,0.3,0.09375,0.147984548404228,0.22022583658140207
vetorial,stemming,24,0.2,0.6666666666666666,0.25124716553287985,0.4514939028009785
vetorial,stemming,25,0.5,0.5555555555555556,0.6213084144507754,0.6451613613050657
vetorial,stemming,26,0.1,0.16666666666666666,0.10221665589312647,0.12341598540537416
vetorial,stemming,27,0.1,0.3333333333333333,0.14423076923076925,0.24554621279155467
vetorial,stemming,28,0.0,0.0,0.0045701972078392925,0.0
vetorial,stemming,29,0.4,0.4444444444444444,0.530128260425416,0.5616984228813139
vetorial,stemming,30,0.1,0.14285714285714285,0.07865233055820142,0.1102098917768043
vetorial,stemming,31,0.0,0.0,0.0008873114463176575,0.0
vetorial,stemming,32,0.1,0.16666666666666666,0.07606031937444196,0.06272348653437324
vetorial,stemming,33,0.3,1.0,0.3595238095238095,0.5090228878596043
vetorial,stemming,34,0.1,0.16666666666666666,0.1566446272763477,0.06993108739817412
vetorial,stemming,35,0.0,0.0,0.02743175192154784,0.0
vetorial,stemming,36,0.1,0.5,0.057276725951424745,0.14126697285982898
vetorial,stemming,37,0.0,0.0,0.047904875065557115,0.0
vetorial,stemming,38,0.0,0.0,0.04458556725022615,0.0
vetorial,stemming,39,0.3,0.23076923076923078,0.13878824744966292,0.22233308299939156
vetorial,stemming,40,0.0,0.0,0.039521086178348284,0.0
vetorial,stemming,41,0.3,1.0,0.7777777777777778,0.8844912478533464
vetorial,stemming,42,0.3,0.6,0.16391500097291276,0.3380436695630647
vetorial,stemming,43,0.4,0.6666666666666666,0.5585495675316033,0.7344701162437444
vetorial,stemming,44,0.0,0.0,0.002162020923372122,0.0
vetorial,stemming,45,0.2,0.16666666666666666,0.20198387451214772,0.38818246147833363
vetorial,stemming,46,0.2,0.13333333333333333,0.23168430939775733,0.3630465525010387
vetorial,stemming,47,0.4,0.2857142857142857,0.30456388153138153,0.3273055988066885
vetorial,stemming,48,0.3,0.2727272727272727,0.16708792949134596,0.3566759370342336
vetorial,stemming,49,0.1,0.5,0.2833333333333333,0.4796249331362629
vetorial,stemming,50,0.1,0.16666666666666666,0.0951551616903407,0.2882482022578177
vetorial,stemming,51,0.3,0.3,0.31575242854692487,0.30400534681637265
vetorial,stemming,52,0.3,0.75,0.47692307692307695,0.45189906879947844
vetorial,stemming,53,0.2,0.2,0.2827739211907971,0.24293507976653914
vetorial,stemming,54,0.2,0.2222222222222222,0.13886397970048733,0.24365117703235073
vetorial,stemming,55,0.1,0.1,0.10787066523737776,0.045213556516657004
vetorial,stemming,56,0.2,0.2,0.0926322853831017,0.13328233861017405
vetorial,stemming,57,0.0,0.0,0.05541130978801749,0.0
vetorial,stemming,58,0.1,0.1111111111111111,0.11457426321705601,0.1155422642817613
vetorial,stemming,59,0.1,0.25,0.09043598479237644,0.14067013006711881
vetorial,stemming,60,0.2,0.4,0.4846569139672587,0.4327622083024971
vetorial,stemming,61,0.3,0.6,0.25858187789222276,0.4521145179163564
vetorial,stemming,62,0.0,0.0,0.012871395725269862,0.0
vetorial,stemming,63,0.0,0.0,0.014659254200495339,0.0
vetorial,stemming,64,0.1,0.5,0.5666666666666667,0.6787956981029196
vetorial,stemming,65,0.5,0.3333333333333333,0.37814577339281485,0.5975478956704509
vetorial,stemming,66,0.2,0.4,0.12809541604384653,0.2973524846882322
vetorial,stemming,67,0.6,0.42857142857142855,0.5548053755065816,0.6664401140367946
vetorial,stemming,68,0.0,0.0,0.055789708480688004,0.0
vetorial,stemming,69,0.0,0.0,0.01631900667775107,0.0
vetorial,stemming,70,0.0,0.0,0.04187432968036734,0.0
vetorial,stemming,71,0.0,0.0,0.035144994620836624,0.0
vetorial,stemming,72,0.1,0.058823529411764705,0.06396025490995598,0.059365121156570666
vetorial,stemming,73,0.5,0.25,0.3288769533486894,0.5828949567849152
vetorial,stemming,74,0.0,0.0,0.07539363605217082,0.0
vetorial,stemming,75,0.1,0.2,0.05488392849900557,0.11218135227894276
vetorial,stemming,76,0.1,0.14285714285714285,0.21308011785150646,0.22454428375557567
vetorial,stemming,77,0.3,0.5,0.34421542361651253,0.2408590074182689
vetorial,stemming,78,0.3,1.0,0.5888888888888889,0.6504198609257138
vetorial,stemming,79,0.0,0.0,0.03451286621874857,0.0
vetorial,stemming,80,0.0,0.0,0.011872809255442497,0.0
vetorial,stemming,81,0.1,0.5,0.3269230769230769,0.5449702648457346
vetorial,stemming,82,0.3,0.6,0.48659031958106985,0.6370850279163035
vetorial,stemming,83,0.1,0.25,0.06983845147907648,0.15101961822780524
vetorial,stemming,84,0.4,0.36363636363636365,0.3176966710672201,0.3440177716950503
vetorial,stemming,85,0.1,0.25,0.13526369393417176,0.16273360041832377
vetorial,stemming,86,0.2,1.0,0.39285714285714285,0.5912352048230277
vetorial,stemming,87,0.0,0.0,0.015132856051843268,0.0
vetorial,stemming,88,0.6,1.0,0.8218253968253969,0.9401652652724695
vetorial,stemming,89,0.1,0.16666666666666666,0.14188306122754754,0.21226838189890232
vetorial,stemming,90,0.2,0.15384615384615385,0.15285393785672938,0.09708614073676021
vetorial,stemming,91,0.1,0.1111111111111111,0.15827536335918202,0.14058943861238676
vetorial,stemming,92,0.6,0.46153846153846156,0.5705393347295951,0.3935053915745316
vetorial,stemming,93,0.1,1.0,0.5,0.6309297535714575
vetorial,stemming,94,0.4,0.3333333333333333,0.4764401271843979,0.48974960757319325
vetorial,stemming,95,0.0,0.0,0.10795454545454546,0.0
vetorial,stemming,96,0.5,0.38461538461538464,0.32549423113523024,0.31058377759995454
vetorial,stemming,97,0.3,0.3,0.1672724485633361,0.22634259219033237
vetorial,stemming,98,0.0,0.0,0.01105304347467254,0.0
vetorial,stemming,99,0.1,0.25,0.21284848484848484,0.2802412438326486
vetorial,stemming,100,0.3,0.3333333333333333,0.15046176276928339,0.24738399258755356
vetorial,stemming,101,0.5,0.8333333333333334,0.5933862433862434,0.7529604982126074
vetorial,stemming,102,0.2,0.5,0.4547416395025956,0.5461894817257589
vetorial,stemming,103,0.0,0.0,0.03962703962703963,0.0
vetorial,stemming,104,0.2,0.4,0.1675910364145658,0.26687965254220064
vetorial,stemming,105,0.3,0.6,0.43583916083916086,0.7130540780639468
vetorial,stemming,106,0.2,0.4,0.22354580285614772,0.2962518163339521
vetorial,stemming,107,0.3,0.42857142857142855,0.3138663122770965,0.3440146827780301
vetorial,stemming,108,0.6,0.8571428571428571,0.8153061224489795,0.8382051528726536
vetorial,stemming,109,0.0,0.0,0.027824846119025647,0.0
vetorial,stemming,110,0.1,0.25,0.275865318913315,0.5028666180369032
vetorial,stemming,111,0.4,0.5714285714285714,0.36257309941520466,0.39593625937946564
vetorial,stemming,112,0.1,0.5,0.1807511737089202,0.19004688335796713
vetorial,stemming,113,0.2,0.5,0.31245225076773275,0.5032251913410369
vetorial,stemming,114,0.1,0.25,0.1057863282756118,0.2579266542703838
vetorial,stemming,115,0.0,0.0,0.013213266483162373,0.0
vetorial,stemming,116,0.1,0.2,0.038658046912424526,0.0769806412452813
vetorial,stemming,117,0.0,0.0,0.020098039215686272,0.0
vetorial,stemming,118,0.1,0.3333333333333333,0.12628205128205128,0.16480760799037997
vetorial,stemming,119,0.1,1.0,1.0,1.0
vetorial,stemming,120,0.6,0.6666666666666666,0.4477934193620468,0.5836255299764265
vetorial,stemming,121,0.4,0.5714285714285714,0.5738176039646629,0.5816381025204606
vetorial,stemming,122,0.2,0.2222222222222222,0.1458456738546687,0.16059681907229434
vetorial,stemming,123,0.0,0.0,0.052941176470588235,0.0
vetorial,stemming,124,0.0,0.0,0.003195909713435741,0.0
vetorial,stemming,125,0.3,0.17647058823529413,0.19542202324571112,0.271256572074555
vetorial,stemming,126,0.2,0.25,0.16397183781427,0.35571812677402137
vetorial,stemming,127,0.1,0.2,0.052889066736946676,0.11530087579875693
vetorial,stemming,128,0.0,0.0,0.01282051282051282,0.0
vetorial,stemming,129,0.5,0.7142857142857143,0.4770666886831197,0.6201024378942235
vetorial,stemming,130,0.3,0.6,0.33905102435253187,0.44506939879925034
vetorial,stemming,131,0.1,0.125,0.2624076557500471,0.03420639802404409
vetorial,stemming,132,0.7,0.4666666666666667,0.7072260831703556,0.6476085587324214
vetorial,stemming,133,0.1,0.14285714285714285,0.21560659837057353,0.12905153795943472
vetorial,stemming,134,0.1,0.5,0.1513157894736842,0.20210734650054757
vetorial,stemming,135,0.4,0.5,0.5517609126984127,0.4462025984948922
vetorial,stemming,136,0.1,0.3333333333333333,0.38000000000000006,0.7795858045446329
vetorial,stemming,137,0.2,0.5,0.21379870129870132,0.26702628688687163
vetorial,stemming,138,0.1,0.5,0.12083333333333333,0.23719771276929622
vetorial,stemming,139,0.0,0.0,0.010269691870505424,0.0
vetorial,stemming,140,0.2,0.3333333333333333,0.14119210093047305,0.3706044238914843
vetorial,stemming,141,0.1,0.16666666666666666,0.09451708727055323,0.09892932355126034
vetorial,stemming,142,0.1,1.0,0.14285714285714285,0.3333333333333333
vetorial,stemming,143,0.1,0.5,0.14583333333333331,0.21840743681816419
vetorial,stemming,144,0.4,0.6666666666666666,0.528968253968254,0.6719235077602482
vetorial,stemming,145,0.4,0.5714285714285714,0.46440816935002976,0.6166333494136583
vetorial,stemming,146,0.2,1.0,0.75,0.7074887171046738
vetorial,stemming,147,0.2,0.2,0.26768534343027295,0.3336884464926733
vetorial,stemming,148,0.3,0.5,0.4485745614035088,0.6413083956181765
vetorial,stemming,149,0.2,0.18181818181818182,0.3091124711058652,0.31488013066763093
vetorial,stemming,150,0.2,1.0,0.8333333333333333,0.9197207891481876
vetorial,stemming,151,0.0,0.0,0.02443980318100359,0.0
vetorial,stemming,152,0.0,0.0,0.010543355923943067,0.0
vetorial,stemming,153,0.3,0.42857142857142855,0.23159527182227876,0.27746701228647497
vetorial,stemming,154,0.2,1.0,0.41666666666666663,0.5468225934151687
vetorial,stemming,155,0.3,0.5,0.38282933017363385,0.35575628001212195
vetorial,stemming,156,0.6,0.42857142857142855,0.47952515225585307,0.5068780825669964
vetorial,stemming,157,0.5,0.1282051282051282,0.33572258761566204,0.30453873816663635
vetorial,stemming,158,0.1,0.125,0.09683259853866669,0.10492380398954748
vetorial,stemming,159,0.1,0.125,0.07024818188869991,0.05329923319333873
vetorial,stemming,160,0.1,0.2,0.1197451371865829,0.24842742676916893
vetorial,stemming,161,0.3,0.5,0.520668344273337,0.6843792523567235
vetorial,stemming,162,0.2,0.25,0.1571817049631284,0.18323401329960137
vetorial,stemming,163,0.2,0.6666666666666666,0.18552971576227392,0.34870224750355494
vetorial,stemming,164,0.3,0.375,0.3056655837234537,0.39405313950161597
vetorial,stemming,165,0.2,1.0,0.3666666666666667,0.5437713091520254
vetorial,stemming,166,0.0,0.0,0.019128353042580766,0.0
vetorial,stemming,167,0.1,0.5,0.2159090909090909,0.3031610197508214
vetorial,stemming,168,0.1,0.5,0.165,0.2640681225725909
vetorial,stemming,169,0.2,0.5,0.14538239538239536,0.25657228426720274
vetorial,stemming,170,0.4,0.6666666666666666,0.56829127662461,0.7113066133250733
vetorial,stemming,171,0.3,1.0,0.3055555555555555,0.49098845915895334
vetorial,stemming,172,0.4,1.0,0.7708333333333333,0.8867092006906816
vetorial,stemming,173,0.2,1.0,0.5833333333333333,0.6934264036172708
vetorial,stemming,174,0.2,0.4,0.18591292847515767,0.38701381842330945
vetorial,stemming,175,0.2,0.4,0.07926928436317446,0.22051793554853608
vetorial,stemming,176,0.0,0.0,0.02933493742989523,0.0
vetorial,stemming,177,0.5,1.0,0.7595238095238095,0.7241442658608562
vetorial,stemming,178,0.2,0.5,0.5051282051282051,0.807423638286933
vetorial,stemming,179,0.2,0.5,0.19664585012087027,0.34620964322385606
vetorial,stemming,180,0.3,0.42857142857142855,0.27158651533651534,0.2897942104526209
vetorial,stemming,181,0.1,0.2,0.2559579056797753,0.24913276910075038
vetorial,stemming,182,0.2,1.0,0.5833333333333333,0.66967181649423
vetorial,stemming,183,0.8,0.6153846153846154,0.6102367664318087,0.6664194157507087
vetorial,stemming,184,0.2,0.2857142857142857,0.21706451123699938,0.2931964662634573
vetorial,stemming,185,0.6,0.6666666666666666,0.6237433862433863,0.6138524532675504
vetorial,stemming,186,0.3,0.1875,0.20453155266134826,0.42257499837058643
vetorial,stemming,187,0.2,0.3333333333333333,0.15966071114520702,0.27384935658035664
vetorial,stemming,188,0.4,0.36363636363636365,0.4321460365670166,0.5359376670367287
vetorial,stemming,189,0.1,0.1111111111111111,0.08121124103275709,0.06102490963086553
vetorial,stemming,190,0.4,0.8,0.7097402597402597,0.7157315444902004
vetorial,stemming,191,0.3,0.23076923076923078,0.38627282346568526,0.16226239918021387
vetorial,stemming,192,0.3,0.75,0.5004432624113475,0.6096199500078984
vetorial,stemming,193,0.6,0.6666666666666666,0.7003881723683276,0.5739758772592928
vetorial,stemming,194,0.0,0.0,0.07587513117218299,0.0
vetorial,stemming,195,0.0,0.0,0.03327461342728518,0.0
vetorial,stemming,196,0.3,0.25,0.13314101642310608,0.21445538755923432
vetorial,stemming,197,0.2,0.6666666666666666,0.5625,0.625639979507489
vetorial,stemming,198,0.2,0.5,0.40098797250859103,0.5608687216151036
vetorial,stemming,199,0.2,0.25,0.09577792192204883,0.13839965414600697
vetorial,stemming,200,0.1,0.3333333333333333,0.16672024000857175,0.23463936301137825
vetorial,stemming,201,0.3,0.1875,0.2702682422209548,0.457905714751506
vetorial,stemming,202,0.3,0.21428571428571427,0.1629004426117668,0.11599388088432347
vetorial,stemming,203,0.1,0.07142857142857142,0.06955604754571908,0.10527982729515889
vetorial,stemming,204,0.1,0.07142857142857142,0.03565627652240076,0.09926568322795842
vetorial,stemming,205,0.1,0.5,0.3269230769230769,0.3868528072345416
vetorial,stemming,206,0.2,0.6666666666666666,0.1958049886621315,0.4005999758521941
vetorial,stemming,207,0.1,0.2,0.12170519538940591,0.14964602744783836
vetorial,stemming,208,0.4,0.6666666666666666,0.5044584500466853,0.630952994717693
vetorial,stemming,209,0.1,0.08333333333333333,0.08088776108625491,0.03630141107661958
vetorial,stemming,210,0.2,0.3333333333333333,0.33567345840415413,0.5514863959592226
vetorial,stemming,211,0.1,0.09090909090909091,0.19582266512587457,0.10961368813261045
vetorial,stemming,212,0.5,0.35714285714285715,0.4678302184635367,0.5396561816678668
vetorial,stemming,213,0.5,0.45454545454545453,0.4202647816001136,0.492110528136889
vetorial,stemming,214,0.1,0.25,0.17025127222386013,0.24630238874073
vetorial,stemming,215,0.0,0.0,0.04005006257822278,0.0
vetorial,stemming,216,0.0,0.0,0.0015625,0.0
vetorial,stemming,217,0.5,0.3333333333333333,0.26627086213474216,0.3895929600526698
vetorial,stemming,218,0.1,0.06666666666666667,0.11725459002021174,0.057959913024345
vetorial,stemming,219,0.0,0.0,0.033086203736122796,0.0
vetorial,stemming,220,0.0,0.0,0.07690820972819988,0.0
vetorial,stemming,221,0.1,0.05555555555555555,0.10681685997083595,0.07678279529108113
vetorial,stemming,222,0.5,0.5555555555555556,0.6094297007340486,0.646096566211864
vetorial,stemming,223,0.2,0.5,0.20834924879042527,0.298254219601818
vetorial,stemming,224,0.0,0.0,0.06683399468154141,0.0
vetorial,stemming,225,0.2,0.08333333333333333,0.06628609270186803,0.12362692280386932
vetorial,stopwords+stemming,1,0.4,0.14285714285714285,0.167536503958641,0.27982107858897454
vetorial,stopwords+stemming,2,0.4,0.16666666666666666,0.2503941752639405,0.6001300254469494
vetorial,stopwords+stemming,3,0.7,0.875,0.6331967213114755,0.7358599014203671
vetorial,stopwords+stemming,4,0.1,0.5,0.54,0.6131471927654584
vetorial,stopwords+stemming,5,0.3,0.75,0.28655303030303025,0.4482097822707301
vetorial,stopwords+stemming,6,0.1,0.25,0.08815556628056628,0.14067013006711881
vetorial,stopwords+stemming,7,0.2,0.4,0.12667251026231058,0.22828034595736055
vetorial,stopwords+stemming,8,0.1,0.09090909090909091,0.09137948557342446,0.08898358573137954
vetorial,stopwords+stemming,9,0.3,1.0,0.6666666666666666,0.8385465274895064
vetorial,stopwords+stemming,10,0.3,0.375,0.18066042274114297,0.3074632499451256
vetorial,stopwords+stemming,11,0.1,0.14285714285714285,0.09808119166479815,0.04855631116637265
vetorial,stopwords+stemming,12,0.2,0.4,0.333552220137586,0.4889191181722506
vetorial,stopwords+stemming,13,0.0,0.0,0.0,0.0
vetorial,stopwords+stemming,14,0.2,1.0,0.75,0.9567574534371579
vetorial,stopwords+stemming,15,0.2,1.0,0.6,0.5998372440364409
vetorial,stopwords+stemming,16,0.1,0.3333333333333333,0.1779695946481508,0.23981246656813146
vetorial,stopwords+stemming,17,0.1,0.5,0.5128205128205128,0.7039180890341347
vetorial,stopwords+stemming,18,0.1,0.3333333333333333,0.08480126648701052,0.1815417925373527
vetorial,stopwords+stemming,19,0.1,0.1111111111111111,0.03364025789863742,0.09441829851343966
vetorial,stopwords+stemming,20,0.5,0.5555555555555556,0.4973062512536196,0.4857478845382125
vetorial,stopwords+stemming,21,0.0,0.0,0.07749257278669043,0.0
vetorial,stopwords+stemming,22,0.0,0.0,0.0,0.0
vetorial,stopwords+stemming,23,0.4,0.125,0.22424273736326508,0.3858834008228406
vetorial,stopwords+stemming,24,0.2,0.6666666666666666,0.25138888888888894,0.4514939028009785
vetorial,stopwords+stemming,25,0.5,0.5555555555555556,0.6255857248743427,0.6451613613050657
vetorial,stopwords+stemming,26,0.1,0.16666666666666666,0.11387230928513307,0.12341598540537416
vetorial,stopwords+stemming,27,0.1,0.3333333333333333,0.1469610636277303,0.24554621279155467
vetorial,stopwords+stemming,28,0.0,0.0,0.005156119465329991,0.0
vetorial,stopwords+stemming,29,0.5,0.5555555555555556,0.5450668634469257,0.5902599758369294
vetorial,stopwords+stemming,30,0.1,0.14285714285714285,0.07631666495691557,0.11777266662388503
vetorial,stopwords+stemming,31,0.0,0.0,0.0009930486593843098,0.0
vetorial,stopwords+stemming,32,0.1,0.16666666666666666,0.07582843926620568,0.06272348653437324
vetorial,stopwords+stemming,33,0.3,1.0,0.3595238095238095,0.5090228878596043
vetorial,stopwords+stemming,34,0.1,0.16666666666666666,0.16311975348353058,0.07328439752622513
vetorial,stopwords+stemming,35,0.0,0.0,0.02749719416386083,0.0
vetorial,stopwords+stemming,36,0.1,0.5,0.06446463654223969,0.1480409554829326
vetorial,stopwords+stemming,37,0.2,0.2222222222222222,0.08345890268584344,0.12512197443419115
vetorial,stopwords+stemming,38,0.0,0.0,0.03297933661164144,0.0
vetorial,stopwords+stemming,39,0.2,0.15384615384615385,0.12411745698972688,0.1807734850141504
vetorial,stopwords+stemming,40,0.1,0.08333333333333333,0.04624721192818188,0.0495814449758846
vetorial,stopwords+stemming,41,0.3,1.0,0.7777777777777778,0.8844912478533464
vetorial,stopwords+stemming,42,0.2,0.4,0.14506952557800015,0.1948869287927358
vetorial,stopwords+stemming,43,0.4,0.6666666666666666,0.5343453919035314,0.7344701162437444
vetorial,stopwords+stemming,44,0.0,0.0,0.0,0.0
vetorial,stopwords+stemming,45,0.2,0.16666666666666666,0.21718899687532503,0.400448803935945
vetorial,stopwords+stemming,46,0.5,0.3333333333333333,0.29018838803361496,0.5009329897225692
vetorial,stopwords+stemming,47,0.4,0.2857142857142857,0.33218103035670854,0.3384680408555451
vetorial,stopwords+stemming,48,0.2,0.18181818181818182,0.18342760978475603,0.3121371016337146
vetorial,stopwords+stemming,49,0.1,0.5,0.28448275862068967,0.4796249331362629
vetorial,stopwords+stemming,50,0.1,0.16666666666666666,0.09580965673223857,0.2882482022578177
vetorial,stopwords+stemming,51,0.3,0.3,0.35394510357445863,0.311766700693026
vetorial,stopwords+stemming,52,0.3,0.75,0.5700757575757576,0.5016452809607169
vetorial,stopwords+stemming,53,0.3,0.3,0.3050849292055752,0.2916889104390393
vetorial,stopwords+stemming,54,0.2,0.2222222222222222,0.12002533228243199,0.24365117703235073
vetorial,stopwords+stemming,55,0.2,0.2,0.12234145161808299,0.1355772005133892
vetorial,stopwords+stemming,56,0.2,0.2,0.09921896997954952,0.13727551910212668
vetorial,stopwords+stemming,57,0.0,0.0,0.06501806538350195,0.0
vetorial,stopwords+stemming,58,0.1,0.1111111111111111,0.11350618336111268,0.11094975596473126
vetorial,stopwords+stemming,59,0.1,0.25,0.11023604446696272,0.14067013006711881
vetorial,stopwords+stemming,60,0.3,0.6,0.5318298368298369,0.5365439809129904
vetorial,stopwords+stemming,61,0.3,0.6,0.3119022687609075,0.5121460342108095
vetorial,stopwords+stemming,62,0.0,0.0,0.021741156503759723,0.0
vetorial,stopwords+stemming,63,0.0,0.0,0.025611116833178838,0.0
vetorial,stopwords+stemming,64,0.2,1.0,0.6428571428571428,0.8484946226286495
vetorial,stopwords+stemming,65,0.5,0.3333333333333333,0.3870444129830875,0.5975478956704509
vetorial,stopwords+stemming,66,0.2,0.4,0.12509602341686302,0.28700877384770807
vetorial,stopwords+stemming,67,0.6,0.42857142857142855,0.5406951708982699,0.6684895233998203
vetorial,stopwords+stemming,68,0.0,0.0,0.05552217433680233,0.0
vetorial,stopwords+stemming,69,0.0,0.0,0.018267505225207474,0.0
vetorial,stopwords+stemming,70,0.0,0.0,0.042192351760177396,0.0
vetorial,stopwords+stemming,71,0.0,0.0,0.03377703870705055,0.0
vetorial,stopwords+stemming,72,0.2,0.11764705882352941,0.11811690432217684,0.21927843820883863
vetorial,stopwords+stemming,73,0.5,0.25,0.34261684136340853,0.6329183126702699
vetorial,stopwords+stemming,74,0.0,0.0,0.08662452516619183,0.0
vetorial,stopwords+stemming,75,0.1,0.2,0.06595461985401613,0.12488956465093466
vetorial,stopwords+stemming,76,0.1,0.14285714285714285,0.18619210338202513,0.22454428375557567
vetorial,stopwords+stemming,77,0.3,0.5,0.348800505050505,0.23948570280020745
vetorial,stopwords+stemming,78,0.3,1.0,0.5888888888888889,0.6504198609257138
vetorial,stopwords+stemming,79,0.0,0.0,0.04039749101054547,0.0
vetorial,stopwords+stemming,80,0.0,0.0,0.011809738955823292,0.0
vetorial,stopwords+stemming,81,0.2,1.0,0.3611111111111111,0.6099744889827606
vetorial,stopwords+stemming,82,0.2,0.4,0.42344416027280474,0.5171184733269939
vetorial,stopwords+stemming,83,0.1,0.25,0.107690617446715,0.19519002499605084
vetorial,stopwords+stemming,84,0.3,0.2727272727272727,0.2927633037539756,0.27084049755511724
vetorial,stopwords+stemming,85,0.1,0.25,0.2616002090408473,0.2579266542703838
vetorial,stopwords+stemming,86,0.2,1.0,0.39285714285714285,0.5912352048230277
vetorial,stopwords+stemming,87,0.0,0.0,0.011198690414390935,0.0
vetorial,stopwords+stemming,88,0.6,1.0,0.8486111111111111,0.9368232330199251
vetorial,stopwords+stemming,89,0.1,0.16666666666666666,0.13841579959041528,0.21226838189890232
vetorial,stopwords+stemming,90,0.2,0.15384615384615385,0.1525060766197443,0.09708614073676021
vetorial,stopwords+stemming,91,0.2,0.2222222222222222,0.1908668926744291,0.23576118753672545
vetorial,stopwords+stemming,92,0.7,0.5384615384615384,0.5234958275661227,0.40853247579393415
vetorial,stopwords+stemming,93,0.1,1.0,0.5,0.6309297535714575
vetorial,stopwords+stemming,94,0.4,0.3333333333333333,0.5136796810926071,0.4943665129276789
vetorial,stopwords+stemming,95,0.1,0.5,0.12698412698412698,0.0650042241370259
vetorial,stopwords+stemming,96,0.5,0.38461538461538464,0.32945330209452234,0.3086570763772256
vetorial,stopwords+stemming,97,0.3,0.3,0.18570645769636746,0.24350895412712073
vetorial,stopwords+stemming,98,0.0,0.0,0.01442002469094463,0.0
vetorial,stopwords+stemming,99,0.2,0.5,0.22499999999999998,0.40863570615914063
vetorial,stopwords+stemming,100,0.3,0.3333333333333333,0.18493759618974762,0.2737628516622791
vetorial,stopwords+stemming,101,0.5,0.8333333333333334,0.604070004070004,0.7555698644826796
vetorial,stopwords+stemming,102,0.2,0.5,0.45844017094017087,0.5461894817257589
vetorial,stopwords+stemming,103,0.0,0.0,0.041666666666666664,0.0
vetorial,stopwords+stemming,104,0.2,0.4,0.17538912454341934,0.27727342735504823
vetorial,stopwords+stemming,105,0.3,0.6,0.4672463768115942,0.7233726122302209
vetorial,stopwords+stemming,106,0.2,0.4,0.26957754888789376,0.3661753904468139
vetorial,stopwords+stemming,107,0.3,0.42857142857142855,0.3221519147787456,0.3458580919222326
vetorial,stopwords+stemming,108,0.6,0.8571428571428571,0.8200680272108842,0.8281508227760488
vetorial,stopwords+stemming,109,0.0,0.0,0.027832414308412018,0.0
vetorial,stopwords+stemming,110,0.1,0.25,0.2760595401509952,0.5028666180369032
vetorial,stopwords+stemming,111,0.4,0.5714285714285714,0.3659894727121618,0.40163475773735147
vetorial,stopwords+stemming,112,0.1,0.5,0.18333333333333332,0.19004688335796713
vetorial,stopwords+stemming,113,0.2,0.5,0.31989423949435214,0.5078961547485289
vetorial,stopwords+stemming,114,0.1,0.25,0.103385135341089,0.2579266542703838
vetorial,stopwords+stemming,115,0.0,0.0,0.012419849152844527,0.0
vetorial,stopwords+stemming,116,0.1,0.2,0.04870985093261258,0.08401121926409305
vetorial,stopwords+stemming,117,0.0,0.0,0.0321078431372549,0.0
vetorial,stopwords+stemming,118,0.1,0.3333333333333333,0.13006993006993006,0.16480760799037997
vetorial,stopwords+stemming,119,0.1,1.0,1.0,1.0
vetorial,stopwords+stemming,120,0.5,0.5555555555555556,0.44319971374793293,0.5356348826207658
vetorial,stopwords+stemming,121,0.4,0.5714285714285714,0.6299836601307189,0.6184713077501391
vetorial,stopwords+stemming,122,0.4,0.4444444444444444,0.32175444721603147,0.25486949113754415
vetorial,stopwords+stemming,123,0.0,0.0,0.06439393939393939,0.0
vetorial,stopwords+stemming,124,0.0,0.0,0.0040063553056466795,0.0
vetorial,stopwords+stemming,125,0.3,0.17647058823529413,0.19900618700120815,0.27679423766694833
vetorial,stopwords+stemming,126,0.2,0.25,0.16006472312543107,0.35571812677402137
vetorial,stopwords+stemming,127,0.1,0.2,0.0637940303385987,0.1283624763817471
vetorial,stopwords+stemming,128,0.0,0.0,0.011706349206349206,0.0
vetorial,stopwords+stemming,129,0.5,0.7142857142857143,0.4871770743040796,0.6234697254661425
vetorial,stopwords+stemming,130,0.2,0.4,0.27939797045060205,0.29514125750655174
vetorial,stopwords+stemming,131,0.1,0.125,0.2681547619047619,0.036143905435234755
vetorial,stopwords+stemming,132,0.7,0.4666666666666667,0.7120408979851705,0.6476085587324214
vetorial,stopwords+stemming,133,0.1,0.14285714285714285,0.21413021760847847,0.12905153795943472
vetorial,stopwords+stemming,134,0.1,0.5,0.14939024390243902,0.20210734650054757
vetorial,stopwords+stemming,135,0.4,0.5,0.5540995564892623,0.45308559577970076
vetorial,stopwords+stemming,136,0.1,0.3333333333333333,0.38795986622073575,0.7795858045446329
vetorial,stopwords+stemming,137,0.2,0.5,0.2115079365079365,0.26702628688687163
vetorial,stopwords+stemming,138,0.1,0.5,0.11851851851851852,0.23719771276929622
vetorial,stopwords+stemming,139,0.0,0.0,0.010681013495252197,0.0
vetorial,stopwords+stemming,140,0.2,0.3333333333333333,0.1447001253014534,0.3706044238914843
vetorial,stopwords+stemming,141,0.2,0.3333333333333333,0.1714662247585396,0.2920465765815629
vetorial,stopwords+stemming,142,0.1,1.0,0.14285714285714285,0.3333333333333333
vetorial,stopwords+stemming,143,0.1,0.5,0.34090909090909094,0.38685280723454163
vetorial,stopwords+stemming,144,0.4,0.6666666666666666,0.5704665704665705,0.7000658962164237
vetorial,stopwords+stemming,145,0.4,0.5714285714285714,0.46791954685099846,0.6166333494136583
vetorial,stopwords+stemming,146,0.2,1.0,0.75,0.7074887171046738
vetorial,stopwords+stemming,147,0.2,0.2,0.2740050311351862,0.3336884464926733
vetorial,stopwords+stemming,148,0.3,0.5,0.4501501501501502,0.6413083956181765
vetorial,stopwords+stemming,149,0.2,0.18181818181818182,0.3303597861722482,0.31488013066763093
vetorial,stopwords+stemming,150,0.2,1.0,0.8333333333333333,0.9197207891481876
vetorial,stopwords+stemming,151,0.0,0.0,0.030395992471126933,0.0
vetorial,stopwords+stemming,152,0.0,0.0,0.019656556519904788,0.0
vetorial,stopwords+stemming,153,0.3,0.42857142857142855,0.2504925860407588,0.27746701228647497
vetorial,stopwords+stemming,154,0.2,1.0,0.41666666666666663,0.5468225934151687
vetorial,stopwords+stemming,155,0.3,0.5,0.3802197802197802,0.35575628001212195
vetorial,stopwords+stemming,156,0.6,0.42857142857142855,0.48696291927361385,0.5068780825669964
vetorial,stopwords+stemming,157,0.6,0.15384615384615385,0.34192516731101147,0.35520074277954056
vetorial,stopwords+stemming,158,0.3,0.375,0.20429187979539642,0.38262393755484725
vetorial,stopwords+stemming,159,0.1,0.125,0.07942797143216465,0.05933711703878432
vetorial,stopwords+stemming,160,0.1,0.2,0.12204345616825733,0.24842742676916893
vetorial,stopwords+stemming,161,0.3,0.5,0.5226665001296035,0.6843792523567235
vetorial,stopwords+stemming,162,0.2,0.25,0.17151215617758755,0.18323401329960137
vetorial,stopwords+stemming,163,0.2,0.6666666666666666,0.1873931623931624,0.34870224750355494
vetorial,stopwords+stemming,164,0.3,0.375,0.3276584200634179,0.39405313950161597
vetorial,stopwords+stemming,165,0.2,1.0,0.3666666666666667,0.5437713091520254
vetorial,stopwords+stemming,166,0.0,0.0,0.022728186599809932,0.0
vetorial,stopwords+stemming,167,0.1,0.5,0.2159090909090909,0.3031610197508214
vetorial,stopwords+stemming,168,0.1,0.5,0.19166666666666665,0.2640681225725909
vetorial,stopwords+stemming,169,0.2,0.5,0.19556277056277055,0.2691828628414762
vetorial,stopwords+stemming,170,0.5,0.8333333333333334,0.6044685990338164,0.7897933392652572
vetorial,stopwords+stemming,171,0.3,1.0,0.3277777777777778,0.5084411050089299
vetorial,stopwords+stemming,172,0.4,1.0,0.7708333333333333,0.8867092006906816
vetorial,stopwords+stemming,173,0.2,1.0,0.5833333333333333,0.6934264036172708
vetorial,stopwords+stemming,174,0.2,0.4,0.1884743213775472,0.38701381842330945
vetorial,stopwords+stemming,175,0.2,0.4,0.07833358498162968,0.22051793554853608
vetorial,stopwords+stemming,176,0.0,0.0,0.03689592052973332,0.0
vetorial,stopwords+stemming,177,0.5,1.0,0.7595238095238095,0.7241442658608562
vetorial,stopwords+stemming,178,0.2,0.5,0.5024509803921569,0.807423638286933
vetorial,stopwords+stemming,179,0.2,0.5,0.19984689413823276,0.34620964322385606
vetorial,stopwords+stemming,180,0.3,0.42857142857142855,0.45264532215751724,0.3878031232870068
vetorial,stopwords+stemming,181,0.1,0.2,0.25502249750474904,0.24913276910075038
vetorial,stopwords+stemming,182,0.2,1.0,0.5833333333333333,0.66967181649423
vetorial,stopwords+stemming,183,0.7,0.5384615384615384,0.6684213699186474,0.6293025918024064
vetorial,stopwords+stemming,184,0.2,0.2857142857142857,0.2757588149546012,0.3747926245949409
vetorial,stopwords+stemming,185,0.5,0.5555555555555556,0.6282647907647907,0.530427885309054
vetorial,stopwords+stemming,186,0.3,0.1875,0.2100395439985265,0.43231813227099475
vetorial,stopwords+stemming,187,0.2,0.3333333333333333,0.2592066498316498,0.36171663823472616
vetorial,stopwords+stemming,188,0.4,0.36363636363636365,0.4415758399039574,0.533051260342715
vetorial,stopwords+stemming,189,0.1,0.1111111111111111,0.0719983344983345,0.06102490963086553
vetorial,stopwords+stemming,190,0.4,0.8,0.7267857142857143,0.7157315444902004
vetorial,stopwords+stemming,191,0.3,0.23076923076923078,0.378095201743306,0.1605886830758397
vetorial,stopwords+stemming,192,0.3,0.75,0.49999999999999994,0.6096199500078984
vetorial,stopwords+stemming,193,0.7,0.7777777777777778,0.7366730192164632,0.6717835071547413
vetorial,stopwords+stemming,194,0.0,0.0,0.07035098567348398,0.0
vetorial,stopwords+stemming,195,0.0,0.0,0.03578784271488767,0.0
vetorial,stopwords+stemming,196,0.3,0.25,0.12408246342794747,0.2035318361722324
vetorial,stopwords+stemming,197,0.2,0.6666666666666666,0.7291666666666666,0.7398124665681314
vetorial,stopwords+stemming,198,0.2,0.5,0.4076501208403049,0.5608687216151036
vetorial,stopwords+stemming,199,0.1,0.125,0.09229937632436788,0.07014839161289267
vetorial,stopwords+stemming,200,0.1,0.3333333333333333,0.17796092796092797,0.23463936301137825
vetorial,stopwords+stemming,201,0.4,0.25,0.2941431869173472,0.5136520446865538
vetorial,stopwords+stemming,202,0.2,0.14285714285714285,0.13670492600118717,0.08662964154723059
vetorial,stopwords+stemming,203,0.1,0.07142857142857142,0.06959826747173777,0.09456701548023279
vetorial,stopwords+stemming,204,0.1,0.07142857142857142,0.048258978496753105,0.13284635390595823
vetorial,stopwords+stemming,205,0.1,0.5,0.3269230769230769,0.3868528072345416
vetorial,stopwords+stemming,206,0.2,0.6666666666666666,0.223712535187945,0.4358923164702953
vetorial,stopwords+stemming,207,0.2,0.4,0.16525645779260908,0.2230865066863783
vetorial,stopwords+stemming,208,0.4,0.6666666666666666,0.5398860398860398,0.6350323037188225
vetorial,stopwords+stemming,209,0.1,0.08333333333333333,0.09494606841401744,0.03942453518577278
vetorial,stopwords+stemming,210,0.2,0.3333333333333333,0.33525197649277677,0.5514863959592226
vetorial,stopwords+stemming,211,0.1,0.09090909090909091,0.11459005554544417,0.034579268620783254
vetorial,stopwords+stemming,212,0.5,0.35714285714285715,0.47123122160163294,0.5520154511719588
vetorial,stopwords+stemming,213,0.5,0.45454545454545453,0.41858674273388813,0.48668535197169155
vetorial,stopwords+stemming,214,0.1,0.25,0.17435189409070173,0.24630238874073
vetorial,stopwords+stemming,215,0.0,0.0,0.04552845528455285,0.0
vetorial,stopwords+stemming,216,0.0,0.0,0.002325581395348837,0.0
vetorial,stopwords+stemming,217,0.5,0.3333333333333333,0.2727062347733403,0.3831343876215543
vetorial,stopwords+stemming,218,0.1,0.06666666666666667,0.13851339176237326,0.06452577150984495
vetorial,stopwords+stemming,219,0.0,0.0,0.0418886502260197,0.0
vetorial,stopwords+stemming,220,0.0,0.0,0.08181425267967551,0.0
vetorial,stopwords+stemming,221,0.2,0.1111111111111111,0.10985243699799183,0.13045166604861974
vetorial,stopwords+stemming,222,0.5,0.5555555555555556,0.6335408870513234,0.6503511569947501
vetorial,stopwords+stemming,223,0.2,0.5,0.21274509803921568,0.31834121936641585
vetorial,stopwords+stemming,224,0.0,0.0,0.07654192177218493,0.0
vetorial,stopwords+stemming,225,0.2,0.08333333333333333,0.08476212963220033,0.15705579434572559
bm25,nada,1,0.5,0.17857142857142858,0.22344257658002387,0.41662362062396363
bm25,nada,2,0.4,0.16666666666666666,0.1771864477077089,0.5263604250509647
bm25,nada,3,0.4,0.5,0.5782677173535234,0.647939623894138
bm25,nada,4,0.2,1.0,0.6,0.7903864795495061
bm25,nada,5,0.1,0.25,0.15921945701357465,0.20544918463387046
bm25,nada,6,0.1,0.25,0.15001361496868557,0.20607801570427584
bm25,nada,7,0.2,0.4,0.17797191805109372,0.2724558813422326
bm25,nada,8,0.1,0.09090909090909091,0.15377454115602152,0.26695075719413863
bm25,nada,9,0.3,1.0,0.6984126984126983,0.8603443310417203
bm25,nada,10,0.1,0.125,0.11831921059481502,0.1323000828051301
bm25,nada,11,0.1,0.14285714285714285,0.16866207140847922,0.10176933156101466
bm25,nada,12,0.2,0.4,0.21255858836503996,0.23919165939156048
bm25,nada,13,0.0,0.0,0.0030110039601409693,0.0
bm25,nada,14,0.2,1.0,0.75,0.9567574534371579
bm25,nada,15,0.2,1.0,1.0,0.8597186998521972
bm25,nada,16,0.1,0.3333333333333333,0.2507936507936508,0.23981246656813146
bm25,nada,17,0.1,0.5,0.07720588235294118,0.22206143322439892
bm25,nada,18,0.1,0.3333333333333333,0.10307538992792416,0.1815417925373527
bm25,nada,19,0.1,0.1111111111111111,0.03952762170431554,0.06651087223364352
bm25,nada,20,0.4,0.4444444444444444,0.39936372516401086,0.4507735274888855
bm25,nada,21,0.1,0.25,0.1015074201641366,0.18747086714617683
bm25,nada,22,0.0,0.0,0.0017301038062283738,0.0
bm25,nada,23,0.1,0.03125,0.12092700174909642,0.2620955839547857
bm25,nada,24,0.2,0.6666666666666666,0.282051282051282,0.5025482315787808
bm25,nada,25,0.5,0.5555555555555556,0.5304270694716098,0.5537905734406244
bm25,nada,26,0.2,0.3333333333333333,0.3170043264830685,0.5197087111325498
bm25,nada,27,0.1,0.3333333333333333,0.21954887218045113,0.23981246656813146
bm25,nada,28,0.0,0.0,0.0016391990076200602,0.0
bm25,nada,29,0.4,0.4444444444444444,0.4195143564979089,0.40973539790825164
bm25,nada,30,0.1,0.14285714285714285,0.07906772694889043,0.11777266662388503
bm25,nada,31,0.0,0.0,0.0008613264427217916,0.0
bm25,nada,32,0.1,0.16666666666666666,0.06303229287788385,0.05187781012267106
bm25,nada,33,0.3,1.0,0.6388888888888888,0.6973180732318199
bm25,nada,34,0.2,0.3333333333333333,0.2196964052896256,0.1989021044249383
bm25,nada,35,0.0,0.0,0.016733031119823574,0.0
bm25,nada,36,0.0,0.0,0.035227272727272725,0.0
bm25,nada,37,0.2,0.2222222222222222,0.16545417988193065,0.1749230593910335
bm25,nada,38,0.0,0.0,0.06094672903606705,0.0
bm25,nada,39,0.3,0.23076923076923078,0.12461007657443468,0.19776882186602607
bm25,nada,40,0.0,0.0,0.03202412433146676,0.0
bm25,nada,41,0.3,1.0,0.8666666666666667,0.9272758027051587
bm25,nada,42,0.2,0.4,0.167584009001051,0.2877041430548022
bm25,nada,43,0.5,0.8333333333333334,0.6487150415721844,0.851411572745379
bm25,nada,44,0.0,0.0,0.0025102299461264147,0.0
bm25,nada,45,0.2,0.16666666666666666,0.17350687194397527,0.33607424102790734
bm25,nada,46,0.4,0.26666666666666666,0.31985561369560644,0.4754109197095128
bm25,nada,47,0.5,0.35714285714285715,0.3574102316724191,0.4351587702144527
bm25,nada,48,0.2,0.18181818181818182,0.17271625718453146,0.2556285969783468
bm25,nada,49,0.1,0.5,0.10084033613445378,0.25339584447728947
bm25,nada,50,0.1,0.16666666666666666,0.02985348513347762,0.13206290565699658
bm25,nada,51,0.3,0.3,0.45161527804854396,0.33083895731599045
bm25,nada,52,0.2,0.5,0.32158119658119655,0.40918057602524965
bm25,nada,53,0.1,0.1,0.25085824271762475,0.16195671984435944
bm25,nada,54,0.1,0.1111111111111111,0.14953776519768336,0.21285246057565377
bm25,nada,55,0.3,0.3,0.20195335124324387,0.20180678079199718
bm25,nada,56,0.2,0.2,0.18904828011594227,0.19444719406011945
bm25,nada,57,0.1,0.07142857142857142,0.07762905238119876,0.13184450602305003
bm25,nada,58,0.3,0.3333333333333333,0.12387610188968422,0.2677189327791604
bm25,nada,59,0.1,0.25,0.09075246061296637,0.10887530903810089
bm25,nada,60,0.2,0.4,0.3528621391452113,0.3998225165506624
bm25,nada,61,0.2,0.4,0.2360684836153352,0.38568046971872166
bm25,nada,62,0.0,0.0,0.025774669722076354,0.0
bm25,nada,63,0.0,0.0,0.004743073270941356,0.0
bm25,nada,64,0.0,0.0,0.03850267379679144,0.0
bm25,nada,65,0.5,0.3333333333333333,0.24964038647504144,0.43431659837265885
bm25,nada,66,0.1,0.2,0.10330314640659469,0.17163333740375722
bm25,nada,67,0.6,0.42857142857142855,0.4979591015313677,0.6980035372036822
bm25,nada,68,0.1,0.2,0.13515429464111364,0.2744398578414134
bm25,nada,69,0.0,0.0,0.04832236360666294,0.0
bm25,nada,70,0.1,0.1,0.09415554940680602,0.08646043235496696
bm25,nada,71,0.1,0.125,0.05576167181238279,0.11599061566586695
bm25,nada,72,0.1,0.058823529411764705,0.029111310816015284,0.08904768173485599
bm25,nada,73,0.5,0.25,0.3328906165961291,0.5652947843341458
bm25,nada,74,0.1,0.16666666666666666,0.07030961889107203,0.1415122545992682
bm25,nada,75,0.1,0.2,0.0542542199795759,0.10329459472431701
bm25,nada,76,0.2,0.2857142857142857,0.22693340654032085,0.324779646301465
bm25,nada,77,0.4,0.6666666666666666,0.4503380931952361,0.45448971574957114
bm25,nada,78,0.3,1.0,0.7222222222222222,0.8005562232320607
bm25,nada,79,0.1,0.2,0.06451581047678609,0.18809346402717644
bm25,nada,80,0.0,0.0,0.007644293349397502,0.0
bm25,nada,81,0.2,1.0,0.3333333333333333,0.4156462850570397
bm25,nada,82,0.3,0.6,0.39993759927388245,0.6386616403573789
bm25,nada,83,0.1,0.25,0.0721241541629891,0.13905617951077562
bm25,nada,84,0.4,0.36363636363636365,0.3794045655198033,0.4025812658543464
bm25,nada,85,0.1,0.25,0.04348143012291613,0.08136680020916189
bm25,nada,86,0.2,1.0,0.5833333333333333,0.6934264036172708
bm25,nada,87,0.0,0.0,0.00955106360384387,0.0
bm25,nada,88,0.6,1.0,0.6496031746031746,0.7060606632153004
bm25,nada,89,0.2,0.3333333333333333,0.26465201465201466,0.3341604033709394
bm25,nada,90,0.3,0.23076923076923078,0.2345450460230046,0.20935145285213683
bm25,nada,91,0.3,0.3333333333333333,0.3560843171013967,0.4680073566502234
bm25,nada,92,0.6,0.46153846153846156,0.4527283074890511,0.34718269653237566
bm25,nada,93,0.1,1.0,0.5,0.6309297535714575
bm25,nada,94,0.6,0.5,0.5708844714279496,0.5337669575864743
bm25,nada,95,0.2,1.0,0.5,0.5082426448058001
bm25,nada,96,0.5,0.38461538461538464,0.4066854092091231,0.3838859572634983
bm25,nada,97,0.2,0.2,0.07565414208754609,0.15755735916311933
bm25,nada,98,0.1,0.2,0.029109783548377094,0.060833077212963056
bm25,nada,99,0.1,0.25,0.06035121978830588,0.12839446232649207
bm25,nada,100,0.3,0.3333333333333333,0.28954105264198543,0.470834152671933
bm25,nada,101,0.5,0.8333333333333334,0.7066666666666667,0.805905867959087
bm25,nada,102,0.2,0.5,0.32864208201286854,0.3915078666166647
bm25,nada,103,0.0,0.0,0.032454819277108436,0.0
bm25,nada,104,0.2,0.4,0.1276559789603268,0.2442584792702138
bm25,nada,105,0.2,0.4,0.39827986510075075,0.6331583852663827
bm25,nada,106,0.3,0.6,0.23109890109890108,0.3625993037773548
bm25,nada,107,0.2,0.2857142857142857,0.256313637700499,0.30557159190628264
bm25,nada,108,0.6,0.8571428571428571,0.8285714285714285,0.798653142340242
bm25,nada,109,0.0,0.0,0.029821894035009157,0.0
bm25,nada,110,0.0,0.0,0.0154347054026288,0.0
bm25,nada,111,0.2,0.2857142857142857,0.22411616161616163,0.17381429423107136
bm25,nada,112,0.1,0.5,0.3214285714285714,0.23981246656813146
bm25,nada,113,0.2,0.5,0.24840506650851477,0.3973220069685352
bm25,nada,114,0.0,0.0,0.04221232962753596,0.0
bm25,nada,115,0.0,0.0,0.04329258106492227,0.0
bm25,nada,116,0.1,0.2,0.06644330917943869,0.11469315735198049
bm25,nada,117,0.0,0.0,0.034417344173441736,0.0
bm25,nada,118,0.2,0.6666666666666666,0.678714859437751,0.7398124665681314
bm25,nada,119,0.1,1.0,1.0,1.0
bm25,nada,120,0.4,0.4444444444444444,0.44094308469308463,0.4942412966892848
bm25,nada,121,0.4,0.5714285714285714,0.49984410430839,0.517851697150996
bm25,nada,122,0.1,0.1111111111111111,0.14261129162320946,0.03519567069902969
bm25,nada,123,0.0,0.0,0.031339031339031334,0.0
bm25,nada,124,0.0,0.0,0.003648311900466406,0.0
bm25,nada,125,0.3,0.17647058823529413,0.2677806795280844,0.40015997275808585
bm25,nada,126,0.2,0.25,0.22208296159367727,0.4718040076989788
bm25,nada,127,0.1,0.2,0.14761231074708364,0.18804762895303986
bm25,nada,128,0.0,0.0,0.018955482145666194,0.0
bm25,nada,129,0.4,0.5714285714285714,0.4302844341743145,0.5498798600548418
bm25,nada,130,0.4,0.8,0.554681042228212,0.6947288644141039
bm25,nada,131,0.4,0.5,0.2505554785661493,0.31710189970004105
bm25,nada,132,0.7,0.4666666666666667,0.5669420229988406,0.44262711854756087
bm25,nada,133,0.1,0.14285714285714285,0.2534561192898212,0.16584377124088642
bm25,nada,134,0.1,0.5,0.13333333333333333,0.16716045496620227
bm25,nada,135,0.4,0.5,0.5057239635364635,0.29525924997086395
bm25,nada,136,0.1,0.3333333333333333,0.4117965367965368,0.7795858045446329
bm25,nada,137,0.2,0.5,0.18870533792509686,0.26702628688687163
bm25,nada,138,0.1,0.5,0.1316225165562914,0.2640681225725909
bm25,nada,139,0.0,0.0,0.004757262114026535,0.0
bm25,nada,140,0.1,0.16666666666666666,0.10955814863133605,0.2508964126725128
bm25,nada,141,0.2,0.3333333333333333,0.3057795892195427,0.4899179792284136
bm25,nada,142,0.0,0.0,0.0013568521031207597,0.0
bm25,nada,143,0.1,0.5,0.5714285714285714,0.6131471927654584
bm25,nada,144,0.5,0.8333333333333334,0.5627610693400167,0.639094160108094
bm25,nada,145,0.4,0.5714285714285714,0.4090359900219055,0.562418374823772
bm25,nada,146,0.2,1.0,0.6666666666666666,0.6508780296742857
bm25,nada,147,0.4,0.4,0.2618982602680195,0.41560158882843795
bm25,nada,148,0.2,0.3333333333333333,0.22230672292647888,0.3643848206993147
bm25,nada,149,0.5,0.45454545454545453,0.34689708007751663,0.5049059675118446
bm25,nada,150,0.2,1.0,0.5833333333333333,0.6934264036172708
bm25,nada,151,0.0,0.0,0.021138931479937444,0.0
bm25,nada,152,0.1,0.16666666666666666,0.031665683983951025,0.1528947449824173
bm25,nada,153,0.3,0.42857142857142855,0.31694732904113276,0.3536573263781091
bm25,nada,154,0.2,1.0,0.625,0.6913401592471553
bm25,nada,155,0.2,0.3333333333333333,0.24878984665472062,0.2576599064663041
bm25,nada,156,0.6,0.42857142857142855,0.48591082892138787,0.5127429258819222
bm25,nada,157,0.6,0.15384615384615385,0.2772180260222842,0.4581238457501874
bm25,nada,158,0.3,0.375,0.27624895320400783,0.551554898964845
bm25,nada,159,0.1,0.125,0.05364924516197652,0.11867423407756864
bm25,nada,160,0.1,0.2,0.05265091169403193,0.13124938519326126
bm25,nada,161,0.3,0.5,0.44944587170962635,0.7042149599999705
bm25,nada,162,0.2,0.25,0.2507197073708884,0.29041903993650975
bm25,nada,163,0.2,0.6666666666666666,0.28777777777777774,0.4367467095119258
bm25,nada,164,0.4,0.5,0.4418945637695637,0.5947426956265852
bm25,nada,165,0.2,1.0,0.45,0.6240505200038379
bm25,nada,166,0.0,0.0,0.029009711433391736,0.0
bm25,nada,167,0.2,1.0,0.3333333333333333,0.5191194994832696
bm25,nada,168,0.1,0.5,0.07282132908873856,0.20438239758848611
bm25,nada,169,0.2,0.5,0.29447836395969174,0.44149241373678083
bm25,nada,170,0.4,0.6666666666666666,0.5541233541233542,0.6898175305383759
bm25,nada,171,0.3,1.0,0.6388888888888888,0.705380662620796
bm25,nada,172,0.4,1.0,0.8041666666666667,0.8940187669412318
bm25,nada,173,0.2,1.0,1.0,1.0
bm25,nada,174,0.1,0.2,0.046013679761374625,0.1133298507987668
bm25,nada,175,0.1,0.2,0.06463911097321358,0.16094346524940684
bm25,nada,176,0.1,0.14285714285714285,0.06784450349966671,0.1427750347808914
bm25,nada,177,0.3,0.6,0.46603174603174596,0.4975983866131084
bm25,nada,178,0.3,0.75,0.325,0.4787993850410864
bm25,nada,179,0.2,0.5,0.2180312157721796,0.36331756126716835
bm25,nada,180,0.3,0.42857142857142855,0.3397022281010775,0.3182796657041699
bm25,nada,181,0.2,0.4,0.30713720167401876,0.3936993357518606
bm25,nada,182,0.2,1.0,0.5833333333333333,0.66967181649423
bm25,nada,183,0.5,0.38461538461538464,0.3557109617966804,0.5863628009951883
bm25,nada,184,0.2,0.2857142857142857,0.14524527759821876,0.14597337360944304
bm25,nada,185,0.6,0.6666666666666666,0.8109686609686609,0.8201278806256246
bm25,nada,186,0.4,0.25,0.16292376515578377,0.36602461869280256
bm25,nada,187,0.1,0.16666666666666666,0.12263296560721774,0.20179660912043726
bm25,nada,188,0.3,0.2727272727272727,0.2772312710305421,0.4422624914556277
bm25,nada,189,0.2,0.2222222222222222,0.1522984619336195,0.1865312815116105
bm25,nada,190,0.2,0.4,0.4664306982430541,0.46835315334527033
bm25,nada,191,0.3,0.23076923076923078,0.33090680064150224,0.16132118875942777
bm25,nada,192,0.3,0.75,0.2702637889688249,0.4637257479802832
bm25,nada,193,0.7,0.7777777777777778,0.7128647834023086,0.6664691472135086
bm25,nada,194,0.3,0.5,0.3288891898127251,0.37726705874256367
bm25,nada,195,0.1,0.3333333333333333,0.08100866824271079,0.16716045496620227
bm25,nada,196,0.2,0.16666666666666666,0.08307397739299784,0.15181864298371037
bm25,nada,197,0.2,0.6666666666666666,0.46031746031746024,0.5497655832101642
bm25,nada,198,0.2,0.5,0.38309145673603506,0.5005319119670419
bm25,nada,199,0.0,0.0,0.05348492502168099,0.0
bm25,nada,200,0.2,0.6666666666666666,0.266735679779158,0.45250815297345076
bm25,nada,201,0.5,0.3125,0.3228501040627943,0.5739615255847815
bm25,nada,202,0.3,0.21428571428571427,0.14770106151234505,0.13329030231848352
bm25,nada,203,0.4,0.2857142857142857,0.20455094834007578,0.4581008957066688
bm25,nada,204,0.1,0.07142857142857142,0.04342374371170348,0.10833153561935552
bm25,nada,205,0.0,0.0,0.038183694530443756,0.0
bm25,nada,206,0.2,0.6666666666666666,0.3912198912198912,0.5757526886856752
bm25,nada,207,0.1,0.2,0.08125815885443974,0.09335766927156806
bm25,nada,208,0.5,0.8333333333333334,0.5722934472934473,0.6888083378972436
bm25,nada,209,0.3,0.25,0.15626461797184613,0.22919735344222456
bm25,nada,210,0.3,0.5,0.3643225031948263,0.5622582560966349
bm25,nada,211,0.1,0.09090909090909091,0.165285313410892,0.06915853724156651
bm25,nada,212,0.5,0.35714285714285715,0.512138968079223,0.47103434697007884
bm25,nada,213,0.6,0.5454545454545454,0.6051500859808882,0.7347692502517121
bm25,nada,214,0.1,0.25,0.15165627112715577,0.24630238874073
bm25,nada,215,0.0,0.0,0.027252906976744186,0.0
bm25,nada,216,0.0,0.0,0.002004008016032064,0.0
bm25,nada,217,0.3,0.2,0.21510729049198168,0.4341588490953775
bm25,nada,218,0.2,0.13333333333333333,0.19837073387939438,0.23632136666454526
bm25,nada,219,0.0,0.0,0.03242793945633356,0.0
bm25,nada,220,0.2,0.10526315789473684,0.18573636711677446,0.16438249170929667
bm25,nada,221,0.3,0.16666666666666666,0.2102169862445408,0.29963795727901404
bm25,nada,222,0.4,0.4444444444444444,0.3640648109308167,0.4716007365789907
bm25,nada,223,0.2,0.5,0.43690476190476185,0.5413996682199069
bm25,nada,224,0.2,0.25,0.1828157793588868,0.1208627017566489
bm25,nada,225,0.2,0.08333333333333333,0.0823317263483808,0.13302517626515062
bm25,stopwords,1,0.5,0.17857142857142858,0.21770746284858924,0.41784166381037613
bm25,stopwords,2,0.4,0.16666666666666666,0.20975633594559318,0.549250886629556
bm25,stopwords,3,0.4,0.5,0.6476299560571257,0.647939623894138
bm25,stopwords,4,0.1,0.5,0.5833333333333334,0.6131471927654584
bm25,stopwords,5,0.1,0.25,0.17395833333333333,0.20544918463387046
bm25,stopwords,6,0.1,0.25,0.16342390486226105,0.20607801570427584
bm25,stopwords,7,0.2,0.4,0.1741108536144068,0.2724558813422326
bm25,stopwords,8,0.1,0.09090909090909091,0.15737570753588895,0.26695075719413863
bm25,stopwords,9,0.3,1.0,0.7222222222222222,0.871078544000337
bm25,stopwords,10,0.2,0.25,0.08796858251982001,0.17204072006899568
bm25,stopwords,11,0.1,0.14285714285714285,0.15818683889160942,0.10176933156101466
bm25,stopwords,12,0.2,0.4,0.3087538387125394,0.29644283577758085
bm25,stopwords,13,0.0,0.0,0.0,0.0
bm25,stopwords,14,0.2,1.0,0.8333333333333333,0.9717271130121371
bm25,stopwords,15,0.2,1.0,1.0,0.8597186998521972
bm25,stopwords,16,0.1,0.3333333333333333,0.19344608879492597,0.23981246656813146
bm25,stopwords,17,0.1,0.5,0.13520408163265307,0.3031610197508214
bm25,stopwords,18,0.1,0.3333333333333333,0.11785572730875941,0.20210734650054762
bm25,stopwords,19,0.0,0.0,0.01940914017416101,0.0
bm25,stopwords,20,0.4,0.4444444444444444,0.45765949993612165,0.4350965523678658
bm25,stopwords,21,0.1,0.25,0.09797466095645967,0.17261984145394824
bm25,stopwords,22,0.0,0.0,0.0,0.0
bm25,stopwords,23,0.3,0.09375,0.14015451399729173,0.28419732636147693
bm25,stopwords,24,0.2,0.6666666666666666,0.2810564663023679,0.5025482315787808
bm25,stopwords,25,0.5,0.5555555555555556,0.5870266425648869,0.5898978953586015
bm25,stopwords,26,0.2,0.3333333333333333,0.23914667721150684,0.3918360297400496
bm25,stopwords,27,0.1,0.3333333333333333,0.17333333333333334,0.19004688335796713
bm25,stopwords,28,0.0,0.0,0.0009861932938856016,0.0
bm25,stopwords,29,0.3,0.3333333333333333,0.39702033769415856,0.32102274524066976
bm25,stopwords,30,0.0,0.0,0.061771326256368934,0.0
bm25,stopwords,31,0.0,0.0,0.0009900990099009901,0.0
bm25,stopwords,32,0.1,0.16666666666666666,0.06440206821465637,0.056341020634852426
bm25,stopwords,33,0.3,1.0,0.6388888888888888,0.6973180732318199
bm25,stopwords,34,0.3,0.5,0.24400233566900234,0.3242200251393403
bm25,stopwords,35,0.0,0.0,0.029512270891581236,0.0
bm25,stopwords,36,0.0,0.0,0.04360465116279069,0.0
bm25,stopwords,37,0.1,0.1111111111111111,0.1819761962453117,0.0986201193501846
bm25,stopwords,38,0.0,0.0,0.045689593257258895,0.0
bm25,stopwords,39,0.2,0.15384615384615385,0.16945948594511465,0.24710221168604965
bm25,stopwords,40,0.0,0.0,0.035402906645669176,0.0
bm25,stopwords,41,0.3,1.0,0.8666666666666667,0.9272758027051587
bm25,stopwords,42,0.2,0.4,0.15987650318776145,0.2877041430548022
bm25,stopwords,43,0.4,0.6666666666666666,0.569094304388422,0.7924811129254292
bm25,stopwords,44,0.0,0.0,0.0,0.0
bm25,stopwords,45,0.2,0.16666666666666666,0.18497503387427053,0.33607424102790734
bm25,stopwords,46,0.5,0.3333333333333333,0.327524911870733,0.40270454895505736
bm25,stopwords,47,0.5,0.35714285714285715,0.3491712400733337,0.36799747991305193
bm25,stopwords,48,0.3,0.2727272727272727,0.1777815366212382,0.3536363234804715
bm25,stopwords,49,0.1,0.5,0.16203703703703703,0.3273949503887395
bm25,stopwords,50,0.0,0.0,0.028520998803338388,0.0
bm25,stopwords,51,0.4,0.4,0.5217951381951381,0.41092721275774874
bm25,stopwords,52,0.3,0.75,0.42916666666666664,0.5395870932473383
bm25,stopwords,53,0.2,0.2,0.28505702790928505,0.2130483765146811
bm25,stopwords,54,0.1,0.1111111111111111,0.13988214879614755,0.21285246057565377
bm25,stopwords,55,0.2,0.2,0.2629142443289202,0.3102261768976433
bm25,stopwords,56,0.3,0.3,0.1802585629058382,0.21505248398336432
bm25,stopwords,57,0.1,0.07142857142857142,0.08303744154229241,0.15940817622434528
bm25,stopwords,58,0.2,0.2222222222222222,0.13148970118299524,0.23377706220169647
bm25,stopwords,59,0.2,0.5,0.1611394557823129,0.25701663280105447
bm25,stopwords,60,0.3,0.6,0.3907308609846021,0.49491918905595456
bm25,stopwords,61,0.2,0.4,0.23863535844959993,0.38568046971872166
bm25,stopwords,62,0.0,0.0,0.03297370946130357,0.0
bm25,stopwords,63,0.0,0.0,0.007826883145489773,0.0
bm25,stopwords,64,0.1,0.5,0.5434782608695652,0.6787956981029196
bm25,stopwords,65,0.5,0.3333333333333333,0.31666982131888055,0.531839242596437
bm25,stopwords,66,0.1,0.2,0.1528206364513018,0.25143829456895006
bm25,stopwords,67,0.6,0.42857142857142855,0.5260486798583505,0.6452302325046126
bm25,stopwords,68,0.1,0.2,0.1310371673865515,0.2744398578414134
bm25,stopwords,69,0.0,0.0,0.051869850225462755,0.0
bm25,stopwords,70,0.1,0.1,0.09927387717253423,0.08646043235496696
bm25,stopwords,71,0.1,0.125,0.053270100135794,0.11599061566586695
bm25,stopwords,72,0.1,0.058823529411764705,0.06220255053015392,0.17809536346971197
bm25,stopwords,73,0.6,0.3,0.34340102476830336,0.6188117733189515
bm25,stopwords,74,0.1,0.16666666666666666,0.07913707218653078,0.1415122545992682
bm25,stopwords,75,0.1,0.2,0.08956356642220516,0.1449922944606284
bm25,stopwords,76,0.2,0.2857142857142857,0.19755648058703382,0.324779646301465
bm25,stopwords,77,0.3,0.5,0.4322243452849275,0.42671982903021005
bm25,stopwords,78,0.3,1.0,0.5555555555555555,0.6602749230842578
bm25,stopwords,79,0.1,0.2,0.07357612269979331,0.1455798328631288
bm25,stopwords,80,0.0,0.0,0.010360280557358013,0.0
bm25,stopwords,81,0.2,1.0,0.30952380952380953,0.39588882381975954
bm25,stopwords,82,0.3,0.6,0.3035602902578354,0.4637499978999585
bm25,stopwords,83,0.1,0.25,0.07636327020451107,0.13905617951077562
bm25,stopwords,84,0.3,0.2727272727272727,0.3715881773614214,0.35850576475658436
bm25,stopwords,85,0.1,0.25,0.05666656210134471,0.09187532799783675
bm25,stopwords,86,0.2,1.0,0.5833333333333333,0.6934264036172708
bm25,stopwords,87,0.0,0.0,0.008183370561407778,0.0
bm25,stopwords,88,0.5,0.8333333333333334,0.6158730158730158,0.6256296138653473
bm25,stopwords,89,0.2,0.3333333333333333,0.20939659755449228,0.292735301055627
bm25,stopwords,90,0.3,0.23076923076923078,0.2352611768787713,0.21395327577257292
bm25,stopwords,91,0.3,0.3333333333333333,0.3368121342603627,0.4667053924037097
bm25,stopwords,92,0.7,0.5384615384615384,0.49558652017000304,0.4180654713287609
bm25,stopwords,93,0.1,1.0,0.5,0.6309297535714575
bm25,stopwords,94,0.6,0.5,0.5952239368708913,0.5375319010763361
bm25,stopwords,95,0.2,1.0,0.45,0.4703895542422443
bm25,stopwords,96,0.5,0.38461538461538464,0.3776559888300281,0.37803656552873893
bm25,stopwords,97,0.2,0.2,0.09620014064527244,0.1977699725344204
bm25,stopwords,98,0.1,0.2,0.03317609920741484,0.06375012285787413
bm25,stopwords,99,0.3,0.75,0.26666666666666666,0.4830544325226112
bm25,stopwords,100,0.3,0.3333333333333333,0.23960234656118498,0.3708204943489185
bm25,stopwords,101,0.5,0.8333333333333334,0.7354497354497354,0.8137166735625352
bm25,stopwords,102,0.2,0.5,0.3519736842105263,0.4023224390285876
bm25,stopwords,103,0.0,0.0,0.03125,0.0
bm25,stopwords,104,0.2,0.4,0.17769681078114516,0.2765732350040718
bm25,stopwords,105,0.3,0.6,0.4222981366459627,0.7093982516549237
bm25,stopwords,106,0.3,0.6,0.246,0.3738868793484833
bm25,stopwords,107,0.2,0.2857142857142857,0.2532859297565179,0.30557159190628264
bm25,stopwords,108,0.6,0.8571428571428571,0.8392857142857143,0.7997135885435047
bm25,stopwords,109,0.0,0.0,0.02661194270078867,0.0
bm25,stopwords,110,0.0,0.0,0.017059314954051795,0.0
bm25,stopwords,111,0.2,0.2857142857142857,0.22555555555555554,0.13973469567408658
bm25,stopwords,112,0.2,1.0,0.3611111111111111,0.46865171646093934
bm25,stopwords,113,0.2,0.5,0.25595238095238093,0.3973220069685352
bm25,stopwords,114,0.0,0.0,0.04558216126497852,0.0
bm25,stopwords,115,0.0,0.0,0.0299278325310659,0.0
bm25,stopwords,116,0.1,0.2,0.06597930678992514,0.11469315735198049
bm25,stopwords,117,0.0,0.0,0.048924731182795694,0.0
bm25,stopwords,118,0.2,0.6666666666666666,0.5666666666666667,0.6651640917528849
bm25,stopwords,119,0.1,1.0,0.5,0.6309297535714575
bm25,stopwords,120,0.4,0.4444444444444444,0.42352151010687594,0.4828920056906652
bm25,stopwords,121,0.4,0.5714285714285714,0.5406593406593407,0.5129761732649817
bm25,stopwords,122,0.5,0.5555555555555556,0.297593515025644,0.28384162737641383
bm25,stopwords,123,0.0,0.0,0.050706033376123234,0.0
bm25,stopwords,124,0.0,0.0,0.005953312866855362,0.0
bm25,stopwords,125,0.3,0.17647058823529413,0.25500583343229777,0.39076914123048995
bm25,stopwords,126,0.2,0.25,0.21815476190476188,0.4718040076989788
bm25,stopwords,127,0.1,0.2,0.1470168855534709,0.18804762895303986
bm25,stopwords,128,0.0,0.0,0.01617933723196881,0.0
bm25,stopwords,129,0.4,0.5714285714285714,0.43528708133971294,0.5579655506287122
bm25,stopwords,130,0.3,0.6,0.4927272727272728,0.5831461819906055
bm25,stopwords,131,0.4,0.5,0.2535697181171319,0.2914424317241882
bm25,stopwords,132,0.7,0.4666666666666667,0.5826873851204727,0.4685325240567376
bm25,stopwords,133,0.2,0.2857142857142857,0.24337629788757606,0.1738804942209605
bm25,stopwords,134,0.1,0.5,0.11363636363636363,0.16716045496620227
bm25,stopwords,135,0.4,0.5,0.45388091440723016,0.2471923873970243
bm25,stopwords,136,0.2,0.6666666666666666,0.2571428571428571,0.548201588346798
bm25,stopwords,137,0.2,0.5,0.19538770053475937,0.26702628688687163
bm25,stopwords,138,0.1,0.5,0.0766099185788305,0.20438239758848611
bm25,stopwords,139,0.0,0.0,0.00578910792793171,0.0
bm25,stopwords,140,0.1,0.16666666666666666,0.11435308701862179,0.2508964126725128
bm25,stopwords,141,0.2,0.3333333333333333,0.34608755106312206,0.5091711595803432
bm25,stopwords,142,0.0,0.0,0.0017271157167530224,0.0
bm25,stopwords,143,0.1,0.5,0.5769230769230769,0.6131471927654584
bm25,stopwords,144,0.5,0.8333333333333334,0.6239247311827957,0.6791615733079017
bm25,stopwords,145,0.4,0.5714285714285714,0.4100401142717918,0.562418374823772
bm25,stopwords,146,0.2,1.0,0.75,0.7074887171046738
bm25,stopwords,147,0.3,0.3,0.2730757355176793,0.35013429803420426
bm25,stopwords,148,0.2,0.3333333333333333,0.2221878717033756,0.3643848206993147
bm25,stopwords,149,0.5,0.45454545454545453,0.42655956483707674,0.5264282969545138
bm25,stopwords,150,0.2,1.0,0.5833333333333333,0.6934264036172708
bm25,stopwords,151,0.0,0.0,0.02023644316857063,0.0
bm25,stopwords,152,0.1,0.16666666666666666,0.05728046531422896,0.18749396734911966
bm25,stopwords,153,0.3,0.42857142857142855,0.34035409035409037,0.3536573263781091
bm25,stopwords,154,0.2,1.0,0.6428571428571428,0.7039180890341347
bm25,stopwords,155,0.3,0.5,0.29874454148471613,0.37519436458269306
bm25,stopwords,156,0.6,0.42857142857142855,0.4898219804128942,0.5127429258819222
bm25,stopwords,157,0.4,0.10256410256410256,0.26402102053053234,0.3377811931378325
bm25,stopwords,158,0.3,0.375,0.33392931595064085,0.5952324576890365
bm25,stopwords,159,0.1,0.125,0.05344537541375463,0.11867423407756864
bm25,stopwords,160,0.1,0.2,0.06666070680335315,0.15232257932946242
bm25,stopwords,161,0.3,0.5,0.45117948427007953,0.7042149599999705
bm25,stopwords,162,0.4,0.5,0.2988591705338852,0.3877637314434717
bm25,stopwords,163,0.2,0.6666666666666666,0.29227053140096615,0.4367467095119258
bm25,stopwords,164,0.5,0.625,0.48140681003584224,0.6739135905217053
bm25,stopwords,165,0.2,1.0,0.45,0.6240505200038379
bm25,stopwords,166,0.1,0.125,0.0341103785990881,0.07311683844390994
bm25,stopwords,167,0.2,1.0,0.3333333333333333,0.5191194994832696
bm25,stopwords,168,0.1,0.5,0.08480825958702065,0.21840743681816419
bm25,stopwords,169,0.2,0.5,0.2958058383208007,0.44149241373678083
bm25,stopwords,170,0.4,0.6666666666666666,0.6765873015873015,0.7353474511584109
bm25,stopwords,171,0.3,1.0,0.6388888888888888,0.705380662620796
bm25,stopwords,172,0.4,1.0,0.8041666666666667,0.8940187669412318
bm25,stopwords,173,0.2,1.0,1.0,1.0
bm25,stopwords,174,0.1,0.2,0.047749758039613115,0.1133298507987668
bm25,stopwords,175,0.1,0.2,0.06627965416204532,0.16094346524940684
bm25,stopwords,176,0.1,0.14285714285714285,0.0834734221532114,0.1427750347808914
bm25,stopwords,177,0.3,0.6,0.5214285714285715,0.47933927128465126
bm25,stopwords,178,0.3,0.75,0.6325757575757576,0.8649456588866756
bm25,stopwords,179,0.2,0.5,0.30557574556186945,0.44149241373678083
bm25,stopwords,180,0.3,0.42857142857142855,0.3947303962501531,0.33654056128817356
bm25,stopwords,181,0.2,0.4,0.3615640904018496,0.4359823459263132
bm25,stopwords,182,0.2,1.0,0.5,0.6433224083306327
bm25,stopwords,183,0.6,0.46153846153846156,0.5425639899813893,0.6034312926960597
bm25,stopwords,184,0.2,0.2857142857142857,0.1927397992378474,0.24378762834759754
bm25,stopwords,185,0.6,0.6666666666666666,0.7838624338624337,0.8071376348433057
bm25,stopwords,186,0.4,0.25,0.1621991124610768,0.3476293915547282
bm25,stopwords,187,0.2,0.3333333333333333,0.14597547672457603,0.24802386456111075
bm25,stopwords,188,0.3,0.2727272727272727,0.2746481671180577,0.4422624914556277
bm25,stopwords,189,0.2,0.2222222222222222,0.142938435103232,0.1909561001276561
bm25,stopwords,190,0.3,0.6,0.5256349206349207,0.5989969615443953
bm25,stopwords,191,0.3,0.23076923076923078,0.38015117843911894,0.1720875109267431
bm25,stopwords,192,0.3,0.75,0.26666666666666666,0.4637257479802832
bm25,stopwords,193,0.7,0.7777777777777778,0.755672268907563,0.7003908706454901
bm25,stopwords,194,0.2,0.3333333333333333,0.26883468834688345,0.18096896061723258
bm25,stopwords,195,0.1,0.3333333333333333,0.09017094017094017,0.18154179253735267
bm25,stopwords,196,0.2,0.16666666666666666,0.08665051384769762,0.15561968256223144
bm25,stopwords,197,0.2,0.6666666666666666,0.7333333333333334,0.8099531166420328
bm25,stopwords,198,0.2,0.5,0.3847140762463343,0.5005319119670419
bm25,stopwords,199,0.1,0.125,0.07261300224399467,0.07412171346155823
bm25,stopwords,200,0.2,0.6666666666666666,0.21248417567435973,0.39106560501896376
bm25,stopwords,201,0.4,0.25,0.3295867925170762,0.5613360332187757
bm25,stopwords,202,0.2,0.14285714285714285,0.1178981293254296,0.10526969688567907
bm25,stopwords,203,0.4,0.2857142857142857,0.231235545990663,0.47630509643931535
bm25,stopwords,204,0.1,0.07142857142857142,0.04804669070122325,0.11446761440147782
bm25,stopwords,205,0.0,0.0,0.04108527131782946,0.0
bm25,stopwords,206,0.2,0.6666666666666666,0.39171374764595096,0.5757526886856752
bm25,stopwords,207,0.1,0.2,0.09911467850730141,0.10834702930374003
bm25,stopwords,208,0.5,0.8333333333333334,0.6079365079365079,0.6957250532295699
bm25,stopwords,209,0.3,0.25,0.1518296809507014,0.22392411263280418
bm25,stopwords,210,0.2,0.3333333333333333,0.3553526929874746,0.48255059646431975
bm25,stopwords,211,0.1,0.09090909090909091,0.15596662594547245,0.03299700806327271
bm25,stopwords,212,0.5,0.35714285714285715,0.5436059394927153,0.489573251226217
bm25,stopwords,213,0.6,0.5454545454545454,0.5307998853535798,0.6961761198655398
bm25,stopwords,214,0.1,0.25,0.1550790246855253,0.24630238874073
bm25,stopwords,215,0.0,0.0,0.03221714865550482,0.0
bm25,stopwords,216,0.0,0.0,0.0038314176245210726,0.0
bm25,stopwords,217,0.3,0.2,0.2095061335214084,0.3541882677928546
bm25,stopwords,218,0.3,0.2,0.24228890269913436,0.43963467457163696
bm25,stopwords,219,0.0,0.0,0.03849071710857935,0.0
bm25,stopwords,220,0.3,0.15789473684210525,0.18435685179706618,0.18492598355961748
bm25,stopwords,221,0.3,0.16666666666666666,0.18905050197222614,0.23383858963680673
bm25,stopwords,222,0.4,0.4444444444444444,0.3684850986455977,0.4716007365789907
bm25,stopwords,223,0.2,0.5,0.43799533799533796,0.5413996682199069
bm25,stopwords,224,0.3,0.375,0.20473456163649392,0.20317460610518623
bm25,stopwords,225,0.3,0.125,0.09627710119481213,0.20889053407662206
bm25,stemming,1,0.4,0.14285714285714285,0.2144173783068882,0.3689306718478711
bm25,stemming,2,0.4,0.16666666666666666,0.2231466500136029,0.5488924363782051
bm25,stemming,3,0.6,0.75,0.5848823051948052,0.6569572885799752
bm25,stemming,4,0.1,0.5,0.5294117647058824,0.6131471927654584
bm25,stemming,5,0.3,0.75,0.32756410256410257,0.4737275858311922
bm25,stemming,6,0.1,0.25,0.1586584044426385,0.20607801570427584
bm25,stemming,7,0.2,0.4,0.14324469869519924,0.24174372856281692
bm25,stemming,8,0.1,0.09090909090909091,0.15527306026429574,0.26695075719413863
bm25,stemming,9,0.3,1.0,0.9166666666666666,0.9674679834891694
bm25,stemming,10,0.1,0.125,0.14361288804566116,0.1323000828051301
bm25,stemming,11,0.2,0.2857142857142857,0.149316466159804,0.18749306343086602
bm25,stemming,12,0.2,0.4,0.21127795599845287,0.278628333715913
bm25,stemming,13,0.0,0.0,0.0029518942635669548,0.0
bm25,stemming,14,0.1,0.5,0.5833333333333334,0.8637574337885663
bm25,stemming,15,0.2,1.0,1.0,0.8597186998521972
bm25,stemming,16,0.2,0.6666666666666666,0.2347222222222222,0.3931350805767307
bm25,stemming,17,0.1,0.5,0.06746031746031746,0.2119004592897435
bm25,stemming,18,0.1,0.3333333333333333,0.36020135283938964,0.4692787260227565
bm25,stemming,19,0.1,0.1111111111111111,0.049966353102271516,0.06294553234229311
bm25,stemming,20,0.4,0.4444444444444444,0.4745253657018363,0.4579766441086709
bm25,stemming,21,0.0,0.0,0.0429402219202453,0.0
bm25,stemming,22,0.0,0.0,0.0015698587127158557,0.0
bm25,stemming,23,0.3,0.09375,0.1332071232117324,0.22921072836751458
bm25,stemming,24,0.2,0.6666666666666666,0.3303030303030303,0.518149817909464
bm25,stemming,25,0.6,0.6666666666666666,0.6879337593623307,0.7363867648639822
bm25,stemming,26,0.2,0.3333333333333333,0.22945111975922558,0.3918360297400496
bm25,stemming,27,0.1,0.3333333333333333,0.12921108742004264,0.14704034066641014
bm25,stemming,28,0.0,0.0,0.0039989680082559344,0.0
bm25,stemming,29,0.5,0.5555555555555556,0.4964205559584134,0.5544386164355112
bm25,stemming,30,0.1,0.14285714285714285,0.0798341789683781,0.1102098917768043
bm25,stemming,31,0.0,0.0,0.0008169934640522876,0.0
bm25,stemming,32,0.2,0.3333333333333333,0.10757848488263157,0.1146012966570443
bm25,stemming,33,0.3,1.0,0.6388888888888888,0.6625135428332626
bm25,stemming,34,0.2,0.3333333333333333,0.26753685970512237,0.2293178775103795
bm25,stemming,35,0.0,0.0,0.015404942686197335,0.0
bm25,stemming,36,0.1,0.5,0.2523529411764706,0.2960819109658652
bm25,stemming,37,0.0,0.0,0.05116462125384394,0.0
bm25,stemming,38,0.0,0.0,0.06044901383685604,0.0
bm25,stemming,39,0.3,0.23076923076923078,0.12422126731512648,0.20319739834498413
bm25,stemming,40,0.2,0.16666666666666666,0.08127316298480695,0.12007902362310734
bm25,stemming,41,0.3,1.0,0.7777777777777778,0.8844912478533464
bm25,stemming,42,0.3,0.6,0.17828694643763138,0.3634706911650263
bm25,stemming,43,0.5,0.8333333333333334,0.6923149927634231,0.8641651771646582
bm25,stemming,44,0.0,0.0,0.0023823309804001263,0.0
bm25,stemming,45,0.2,0.16666666666666666,0.19799579063211012,0.33607424102790734
bm25,stemming,46,0.5,0.3333333333333333,0.3687751138036552,0.5563405304837655
bm25,stemming,47,0.5,0.35714285714285715,0.37410832488545787,0.40347530191675235
bm25,stemming,48,0.3,0.2727272727272727,0.18871894711591083,0.36073155376081856
bm25,stemming,49,0.1,0.5,0.0873015873015873,0.25339584447728947
bm25,stemming,50,0.1,0.16666666666666666,0.10021493212972239,0.2882482022578177
bm25,stemming,51,0.5,0.5,0.44289596488453464,0.48800313423016045
bm25,stemming,52,0.3,0.75,0.48333333333333334,0.45189906879947844
bm25,stemming,53,0.1,0.1,0.24467972918046335,0.16195671984435944
bm25,stemming,54,0.1,0.1111111111111111,0.1524007743056189,0.21285246057565377
bm25,stemming,55,0.3,0.3,0.3298290995430579,0.21495168504444603
bm25,stemming,56,0.2,0.2,0.1734853605441286,0.21251313723852433
bm25,stemming,57,0.1,0.07142857142857142,0.07142003856131154,0.13184450602305003
bm25,stemming,58,0.1,0.1111111111111111,0.13943793259701193,0.1484830413429224
bm25,stemming,59,0.2,0.5,0.12177186468646864,0.21938551058607356
bm25,stemming,60,0.3,0.6,0.4150311262026033,0.5170077121620827
bm25,stemming,61,0.2,0.4,0.512419470293486,0.5451325985185265
bm25,stemming,62,0.0,0.0,0.020450516380218144,0.0
bm25,stemming,63,0.0,0.0,0.02215335169880624,0.0
bm25,stemming,64,0.1,0.5,0.5071428571428571,0.6787956981029196
bm25,stemming,65,0.4,0.26666666666666666,0.19367487614712445,0.34948111448946695
bm25,stemming,66,0.1,0.2,0.08454626653156064,0.13284008937902195
bm25,stemming,67,0.6,0.42857142857142855,0.41791753640537355,0.6554865599734832
bm25,stemming,68,0.1,0.2,0.058731611899633274,0.15494189208647555
bm25,stemming,69,0.0,0.0,0.03685621045621046,0.0
bm25,stemming,70,0.1,0.1,0.0852647825419248,0.0938988941879154
bm25,stemming,71,0.1,0.125,0.05602302918159371,0.11599061566586695
bm25,stemming,72,0.1,0.058823529411764705,0.05298387958327723,0.12156899831365847
bm25,stemming,73,0.7,0.35,0.3543848129583601,0.6792827680356939
bm25,stemming,74,0.1,0.16666666666666666,0.12969590107748002,0.1415122545992682
bm25,stemming,75,0.0,0.0,0.02802751621287517,0.0
bm25,stemming,76,0.3,0.42857142857142855,0.23828083422733423,0.37767444719777926
bm25,stemming,77,0.3,0.5,0.37562081312081314,0.3042655903131374
bm25,stemming,78,0.3,1.0,0.6984126984126983,0.7918620139915297
bm25,stemming,79,0.1,0.2,0.054482596569409,0.15556974829149336
bm25,stemming,80,0.0,0.0,0.010559315300489085,0.0
bm25,stemming,81,0.2,1.0,1.0,0.7609096232928763
bm25,stemming,82,0.2,0.4,0.25966749707661807,0.3658605195047882
bm25,stemming,83,0.1,0.25,0.10039151040593447,0.16812753627111748
bm25,stemming,84,0.4,0.36363636363636365,0.4348098522870039,0.3941845533985164
bm25,stemming,85,0.1,0.25,0.13548044748448185,0.16273360041832377
bm25,stemming,86,0.2,1.0,0.5833333333333333,0.6934264036172708
bm25,stemming,87,0.0,0.0,0.012138437547933294,0.0
bm25,stemming,88,0.6,1.0,0.6968253968253969,0.7682029704933027
bm25,stemming,89,0.1,0.16666666666666666,0.18626576114138302,0.21226838189890232
bm25,stemming,90,0.3,0.23076923076923078,0.2141209970931637,0.19284806853351225
bm25,stemming,91,0.5,0.5555555555555556,0.38095193354689777,0.5995685634547767
bm25,stemming,92,0.6,0.46153846153846156,0.5137755527945745,0.3763831520663333
bm25,stemming,93,0.1,1.0,0.5,0.6309297535714575
bm25,stemming,94,0.6,0.5,0.5662592722804707,0.5461813370079798
bm25,stemming,95,0.2,1.0,0.41666666666666663,0.44391917204490255
bm25,stemming,96,0.6,0.46153846153846156,0.4379952710540441,0.49101000952289525
bm25,stemming,97,0.3,0.3,0.19174521697209904,0.2764582536639237
bm25,stemming,98,0.0,0.0,0.020261828707217218,0.0
bm25,stemming,99,0.2,0.5,0.17796426133895887,0.3803031410951361
bm25,stemming,100,0.3,0.3333333333333333,0.2769771063683718,0.46086590981354386
bm25,stemming,101,0.5,0.8333333333333334,0.6656746031746031,0.7780417971850824
bm25,stemming,102,0.2,0.5,0.3365691489361702,0.43097890853459314
bm25,stemming,103,0.0,0.0,0.027509106896118577,0.0
bm25,stemming,104,0.1,0.2,0.11520179033851481,0.14606834984270645
bm25,stemming,105,0.3,0.6,0.42569169960474307,0.5552890378762663
bm25,stemming,106,0.3,0.6,0.44266343825665866,0.6739728796273322
bm25,stemming,107,0.4,0.5714285714285714,0.3162004962028213,0.4075206568650315
bm25,stemming,108,0.5,0.7142857142857143,0.7877551020408163,0.8200520493865949
bm25,stemming,109,0.0,0.0,0.038180893830229934,0.0
bm25,stemming,110,0.1,0.25,0.11002409284506932,0.2514333090184516
bm25,stemming,111,0.3,0.42857142857142855,0.2910645867542419,0.27694517796500806
bm25,stemming,112,0.1,0.5,0.29,0.23981246656813146
bm25,stemming,113,0.2,0.5,0.13815988942393437,0.2856436410275446
bm25,stemming,114,0.1,0.25,0.06114503802756815,0.14911504703884482
bm25,stemming,115,0.1,0.25,0.07543592862935927,0.20432302652469572
bm25,stemming,116,0.1,0.2,0.06279628783261107,0.11469315735198049
bm25,stemming,117,0.0,0.0,0.030117753623188408,0.0
bm25,stemming,118,0.2,0.6666666666666666,0.22610062893081762,0.39258655345796484
bm25,stemming,119,0.1,1.0,1.0,1.0
bm25,stemming,120,0.4,0.4444444444444444,0.39496171699304927,0.4246205636448806
bm25,stemming,121,0.4,0.5714285714285714,0.4890538033395177,0.5209338254765884
bm25,stemming,122,0.1,0.1111111111111111,0.10638962179511008,0.03293557979067986
bm25,stemming,123,0.0,0.0,0.04880952380952381,0.0
bm25,stemming,124,0.0,0.0,0.003066091195578316,0.0
bm25,stemming,125,0.3,0.17647058823529413,0.27144206728601994,0.4090307868171935
bm25,stemming,126,0.2,0.25,0.22250330763218135,0.4718040076989788
bm25,stemming,127,0.1,0.2,0.09832660529747425,0.1283624763817471
bm25,stemming,128,0.0,0.0,0.021765271765271765,0.0
bm25,stemming,129,0.4,0.5714285714285714,0.41775392163308034,0.5498798600548418
bm25,stemming,130,0.4,0.8,0.5566228070175439,0.7111343355049466
bm25,stemming,131,0.2,0.25,0.30711539128301135,0.10703695270663816
bm25,stemming,132,0.7,0.4666666666666667,0.6841922414503061,0.5143577608048434
bm25,stemming,133,0.2,0.2857142857142857,0.27125657280456045,0.2626324247104625
bm25,stemming,134,0.1,0.5,0.27702702702702703,0.2960819109658652
bm25,stemming,135,0.6,0.75,0.6381944444444444,0.5377644820321501
bm25,stemming,136,0.1,0.3333333333333333,0.41060606060606064,0.7795858045446329
bm25,stemming,137,0.2,0.5,0.22502200704225353,0.30911702355641374
bm25,stemming,138,0.1,0.5,0.13703703703703704,0.23719771276929622
bm25,stemming,139,0.0,0.0,0.008110238965964422,0.0
bm25,stemming,140,0.2,0.3333333333333333,0.1619748364926283,0.39254626340101756
bm25,stemming,141,0.2,0.3333333333333333,0.14358608899442107,0.2503381649478718
bm25,stemming,142,0.0,0.0,0.08333333333333333,0.0
bm25,stemming,143,0.2,1.0,0.6111111111111112,0.7977228895450266
bm25,stemming,144,0.3,0.5,0.3710099424385138,0.3873461842622005
bm25,stemming,145,0.4,0.5714285714285714,0.2763278623329192,0.4743439055656515
bm25,stemming,146,0.2,1.0,0.5833333333333333,0.6199062332840657
bm25,stemming,147,0.3,0.3,0.25654878953468346,0.3384355145646856
bm25,stemming,148,0.2,0.3333333333333333,0.2106208848264923,0.3643848206993147
bm25,stemming,149,0.3,0.2727272727272727,0.28936656515029235,0.3647442587311445
bm25,stemming,150,0.2,1.0,0.8333333333333333,0.9197207891481876
bm25,stemming,151,0.0,0.0,0.029918408718041155,0.0
bm25,stemming,152,0.0,0.0,0.012304099030543357,0.0
bm25,stemming,153,0.3,0.42857142857142855,0.31606933263607645,0.3325382819409276
bm25,stemming,154,0.2,1.0,0.7,0.7415914148287854
bm25,stemming,155,0.1,0.16666666666666666,0.13581833515419853,0.1420364328899563
bm25,stemming,156,0.7,0.5,0.48570817311737413,0.5303666986458262
bm25,stemming,157,0.6,0.15384615384615385,0.34919887592764826,0.4999481184859641
bm25,stemming,158,0.3,0.375,0.3632476359338061,0.6440032188178696
bm25,stemming,159,0.2,0.25,0.07279143123590476,0.1284021702114455
bm25,stemming,160,0.1,0.2,0.11807332138276627,0.24842742676916893
bm25,stemming,161,0.3,0.5,0.5290792952918154,0.7193068819147437
bm25,stemming,162,0.2,0.25,0.20217234383208185,0.19360022041160063
bm25,stemming,163,0.2,0.6666666666666666,0.2288617886178862,0.38364913903790027
bm25,stemming,164,0.4,0.5,0.46382001836547293,0.6041213085672019
bm25,stemming,165,0.2,1.0,0.5833333333333333,0.6934264036172708
bm25,stemming,166,0.0,0.0,0.03372326757394539,0.0
bm25,stemming,167,0.2,1.0,0.75,0.9060254355346823
bm25,stemming,168,0.1,0.5,0.07729468599033816,0.18457569677956817
bm25,stemming,169,0.2,0.5,0.26763170384432844,0.4144299250118475
bm25,stemming,170,0.4,0.6666666666666666,0.537635975135975,0.7196342075544735
bm25,stemming,171,0.3,1.0,0.6388888888888888,0.6757709465491791
bm25,stemming,172,0.4,1.0,0.6791666666666667,0.7344931145611916
bm25,stemming,173,0.2,1.0,1.0,1.0
bm25,stemming,174,0.1,0.2,0.056828313640457276,0.1236801719316122
bm25,stemming,175,0.1,0.2,0.04884262698908008,0.11249465460323178
bm25,stemming,176,0.0,0.0,0.04613057616486373,0.0
bm25,stemming,177,0.3,0.6,0.6417748917748918,0.7318479370616626
bm25,stemming,178,0.2,0.5,0.44365721997300944,0.7034609312292891
bm25,stemming,179,0.2,0.5,0.3176422377326565,0.44149241373678083
bm25,stemming,180,0.3,0.42857142857142855,0.39012669287898644,0.3557981268823876
bm25,stemming,181,0.2,0.4,0.2652999025697235,0.35715605004605466
bm25,stemming,182,0.2,1.0,0.5833333333333333,0.66967181649423
bm25,stemming,183,0.6,0.46153846153846156,0.3969230957991913,0.5775899719435165
bm25,stemming,184,0.2,0.2857142857142857,0.31541014808670287,0.3995159260605859
bm25,stemming,185,0.6,0.6666666666666666,0.8247100122100122,0.8261325769102444
bm25,stemming,186,0.3,0.1875,0.1611116329545409,0.29727159644205703
bm25,stemming,187,0.1,0.16666666666666666,0.1393197558588574,0.20179660912043726
bm25,stemming,188,0.4,0.36363636363636365,0.3993328669195708,0.5277776280937673
bm25,stemming,189,0.3,0.3333333333333333,0.1483882708400964,0.1635795217777599
bm25,stemming,190,0.2,0.4,0.3323160173160173,0.3545820018728409
bm25,stemming,191,0.2,0.15384615384615385,0.3370204094019288,0.09494718497912331
bm25,stemming,192,0.3,0.75,0.5104166666666666,0.6096199500078984
bm25,stemming,193,0.8,0.8888888888888888,0.8216435723764712,0.8804078319969552
bm25,stemming,194,0.2,0.3333333333333333,0.23148148148148143,0.2208115559881409
bm25,stemming,195,0.1,0.3333333333333333,0.10783926218708827,0.18154179253735267
bm25,stemming,196,0.3,0.25,0.14150846632395375,0.2767196660749483
bm25,stemming,197,0.2,0.6666666666666666,0.6143790849673202,0.6651640917528849
bm25,stemming,198,0.3,0.75,0.5125534188034188,0.7073103183000377
bm25,stemming,199,0.2,0.25,0.07531508825651029,0.13121651793026792
bm25,stemming,200,0.2,0.6666666666666666,0.2534722222222222,0.4017998179775806
bm25,stemming,201,0.5,0.3125,0.327485451528081,0.6086473714637826
bm25,stemming,202,0.3,0.21428571428571427,0.215542821533846,0.22553496689289096
bm25,stemming,203,0.3,0.21428571428571427,0.20921074326468297,0.47195811052743714
bm25,stemming,204,0.0,0.0,0.038998938904529754,0.0
bm25,stemming,205,0.2,1.0,0.7,0.8503449055347546
bm25,stemming,206,0.2,0.6666666666666666,0.2518939393939394,0.48180645284562057
bm25,stemming,207,0.1,0.2,0.1768085482269374,0.2650595907038223
bm25,stemming,208,0.6,1.0,0.7166666666666668,0.7735652563923313
bm25,stemming,209,0.1,0.08333333333333333,0.1310237395477323,0.1019109450635844
bm25,stemming,210,0.2,0.3333333333333333,0.3377113526570048,0.48255059646431975
bm25,stemming,211,0.1,0.09090909090909091,0.14345132205878644,0.054806844066305226
bm25,stemming,212,0.6,0.42857142857142855,0.5018448322954338,0.5990459684376466
bm25,stemming,213,0.5,0.45454545454545453,0.5736013986013986,0.5839794229949417
bm25,stemming,214,0.1,0.25,0.15089868651392208,0.24630238874073
bm25,stemming,215,0.0,0.0,0.046634615384615385,0.0
bm25,stemming,216,0.0,0.0,0.0015527950310559005,0.0
bm25,stemming,217,0.3,0.2,0.2571188597033006,0.3518556512483131
bm25,stemming,218,0.3,0.2,0.2527419406555535,0.2968917716878633
bm25,stemming,219,0.0,0.0,0.03209197769730371,0.0
bm25,stemming,220,0.2,0.10526315789473684,0.20313352391585243,0.24546723881833396
bm25,stemming,221,0.3,0.16666666666666666,0.2586219043748586,0.37991095633365857
bm25,stemming,222,0.6,0.6666666666666666,0.7574910074910074,0.762205723787106
bm25,stemming,223,0.3,0.75,0.5009057971014492,0.6096199500078984
bm25,stemming,224,0.1,0.125,0.12353703172888232,0.08781792985086534
bm25,stemming,225,0.3,0.125,0.08805466681329342,0.18669404702268924
bm25,stopwords+stemming,1,0.3,0.10714285714285714,0.22240224643955148,0.33728799747135396
bm25,stopwords+stemming,2,0.5,0.20833333333333334,0.24101382437149232,0.6169501808064093
bm25,stopwords+stemming,3,0.7,0.875,0.6562500000000001,0.7403795971138046
bm25,stopwords+stemming,4,0.1,0.5,0.5285714285714286,0.6131471927654584
bm25,stopwords+stemming,5,0.3,0.75,0.32756410256410257,0.4737275858311922
bm25,stopwords+stemming,6,0.1,0.25,0.17278992936887677,0.20607801570427584
bm25,stopwords+stemming,7,0.2,0.4,0.1559748092173665,0.25115857099522293
bm25,stopwords+stemming,8,0.1,0.09090909090909091,0.15981877116471033,0.26695075719413863
bm25,stopwords+stemming,9,0.3,1.0,0.8055555555555555,0.9060254355346824
bm25,stopwords+stemming,10,0.1,0.125,0.15851005904143772,0.1323000828051301
bm25,stopwords+stemming,11,0.2,0.2857142857142857,0.18650912601711592,0.1942675360447533
bm25,stopwords+stemming,12,0.2,0.4,0.2517321428571428,0.2824250218253187
bm25,stopwords+stemming,13,0.0,0.0,0.0,0.0
bm25,stopwords+stemming,14,0.2,1.0,0.6111111111111112,0.9287616579255922
bm25,stopwords+stemming,15,0.2,1.0,1.0,0.8597186998521972
bm25,stopwords+stemming,16,0.1,0.3333333333333333,0.2006535947712418,0.23981246656813146
bm25,stopwords+stemming,17,0.1,0.5,0.0788912579957356,0.23463936301137822
bm25,stopwords+stemming,18,0.1,0.3333333333333333,0.3566126380079868,0.4692787260227565
bm25,stopwords+stemming,19,0.1,0.1111111111111111,0.0545809502449307,0.14964946252569794
bm25,stopwords+stemming,20,0.6,0.6666666666666666,0.5694852084789193,0.5966758057480422
bm25,stopwords+stemming,21,0.0,0.0,0.05012858154256205,0.0
bm25,stopwords+stemming,22,0.0,0.0,0.0,0.0
bm25,stopwords+stemming,23,0.4,0.125,0.20907808334838918,0.3179062319118913
bm25,stopwords+stemming,24,0.2,0.6666666666666666,0.3619047619047619,0.540460348067574
bm25,stopwords+stemming,25,0.6,0.6666666666666666,0.7021906618397846,0.7355420692129848
bm25,stopwords+stemming,26,0.2,0.3333333333333333,0.23300671892497196,0.3918360297400496
bm25,stopwords+stemming,27,0.2,0.6666666666666666,0.14814814814814814,0.3070215688987817
bm25,stopwords+stemming,28,0.0,0.0,0.004896564377780835,0.0
bm25,stopwords+stemming,29,0.4,0.4444444444444444,0.43925493699678037,0.44204986677887
bm25,stopwords+stemming,30,0.1,0.14285714285714285,0.06753440506637438,0.11777266662388503
bm25,stopwords+stemming,31,0.0,0.0,0.0009199632014719411,0.0
bm25,stopwords+stemming,32,0.2,0.3333333333333333,0.11876093360070201,0.12469752291939623
bm25,stopwords+stemming,33,0.3,1.0,0.6388888888888888,0.6625135428332626
bm25,stopwords+stemming,34,0.2,0.3333333333333333,0.26308373590982287,0.1989021044249383
bm25,stopwords+stemming,35,0.0,0.0,0.02368972746331237,0.0
bm25,stopwords+stemming,36,0.1,0.5,0.5026041666666666,0.46927872602275644
bm25,stopwords+stemming,37,0.0,0.0,0.08733173817781519,0.0
bm25,stopwords+stemming,38,0.0,0.0,0.048908723347196,0.0
bm25,stopwords+stemming,39,0.2,0.15384615384615385,0.14086318063936418,0.23579414851124592
bm25,stopwords+stemming,40,0.2,0.16666666666666666,0.10635664089174,0.1393861786187838
bm25,stopwords+stemming,41,0.3,1.0,0.7916666666666666,0.8916873528495691
bm25,stopwords+stemming,42,0.3,0.6,0.18077767278883444,0.3634706911650263
bm25,stopwords+stemming,43,0.4,0.6666666666666666,0.5704811397461732,0.7939109039302563
bm25,stopwords+stemming,44,0.0,0.0,0.0,0.0
bm25,stopwords+stemming,45,0.1,0.08333333333333333,0.20069683580628284,0.279901702223461
bm25,stopwords+stemming,46,0.6,0.4,0.37407825955726914,0.5891269011213288
bm25,stopwords+stemming,47,0.6,0.42857142857142855,0.3817334748958285,0.3983086047196204
bm25,stopwords+stemming,48,0.3,0.2727272727272727,0.19705818653652402,0.37112198276633485
bm25,stopwords+stemming,49,0.1,0.5,0.09142857142857143,0.25339584447728947
bm25,stopwords+stemming,50,0.1,0.16666666666666666,0.07410959445456418,0.2284312957394642
bm25,stopwords+stemming,51,0.6,0.6,0.538717422036928,0.5147542419308049
bm25,stopwords+stemming,52,0.4,1.0,0.5791666666666666,0.6287353114501972
bm25,stopwords+stemming,53,0.3,0.3,0.26947958346376766,0.3043425327025087
bm25,stopwords+stemming,54,0.1,0.1111111111111111,0.1421172651811321,0.21285246057565377
bm25,stopwords+stemming,55,0.4,0.4,0.31667887239941683,0.3045000170363374
bm25,stopwords+stemming,56,0.2,0.2,0.15988164852736006,0.19444719406011945
bm25,stopwords+stemming,57,0.1,0.07142857142857142,0.08180756140336953,0.18506716146503144
bm25,stopwords+stemming,58,0.1,0.1111111111111111,0.1412536725999406,0.1155422642817613
bm25,stopwords+stemming,59,0.2,0.5,0.37146790569609356,0.4529820839340554
bm25,stopwords+stemming,60,0.3,0.6,0.4427803942089657,0.5270895216233566
bm25,stopwords+stemming,61,0.3,0.6,0.5364018495166036,0.6715981630106144
bm25,stopwords+stemming,62,0.0,0.0,0.030479128472481763,0.0
bm25,stopwords+stemming,63,0.0,0.0,0.048526621097592704,0.0
bm25,stopwords+stemming,64,0.1,0.5,0.5333333333333333,0.6787956981029196
bm25,stopwords+stemming,65,0.5,0.3333333333333333,0.2221793439014986,0.40509515740851637
bm25,stopwords+stemming,66,0.1,0.2,0.12495837044495214,0.1992601340685329
bm25,stopwords+stemming,67,0.6,0.42857142857142855,0.5033664800995669,0.6452302325046126
bm25,stopwords+stemming,68,0.1,0.2,0.05613026819923371,0.15494189208647555
bm25,stopwords+stemming,69,0.0,0.0,0.03973123338468115,0.0
bm25,stopwords+stemming,70,0.1,0.1,0.08555484237313793,0.0938988941879154
bm25,stopwords+stemming,71,0.1,0.125,0.04701233520291237,0.10272382647977589
bm25,stopwords+stemming,72,0.2,0.11764705882352941,0.13559661994496844,0.3136383029464422
bm25,stopwords+stemming,73,0.7,0.35,0.37038612846201735,0.6955409788215707
bm25,stopwords+stemming,74,0.1,0.16666666666666666,0.1420032051282051,0.13392643788248645
bm25,stopwords+stemming,75,0.0,0.0,0.03002488739330845,0.0
bm25,stopwords+stemming,76,0.2,0.2857142857142857,0.19753707572774304,0.31007988243246654
bm25,stopwords+stemming,77,0.2,0.3333333333333333,0.34931770038273485,0.2583214668631552
bm25,stopwords+stemming,78,0.3,1.0,0.7222222222222222,0.8005562232320607
bm25,stopwords+stemming,79,0.0,0.0,0.05006059103803464,0.0
bm25,stopwords+stemming,80,0.0,0.0,0.015153133903133904,0.0
bm25,stopwords+stemming,81,0.2,1.0,0.75,0.5879394370415081
bm25,stopwords+stemming,82,0.3,0.6,0.3616277345198368,0.5398154178160396
bm25,stopwords+stemming,83,0.1,0.25,0.10636290683786205,0.16812753627111748
bm25,stopwords+stemming,84,0.4,0.36363636363636365,0.3983911619153817,0.3714333272871886
bm25,stopwords+stemming,85,0.1,0.25,0.26244440630943694,0.2579266542703838
bm25,stopwords+stemming,86,0.2,1.0,0.5833333333333333,0.6934264036172708
bm25,stopwords+stemming,87,0.0,0.0,0.011286466320829846,0.0
bm25,stopwords+stemming,88,0.6,1.0,0.6496031746031746,0.7060606632153004
bm25,stopwords+stemming,89,0.1,0.16666666666666666,0.14654484354952574,0.1512230464563588
bm25,stopwords+stemming,90,0.4,0.3076923076923077,0.21847236024867936,0.24226863508079594
bm25,stopwords+stemming,91,0.4,0.4444444444444444,0.37686001774201283,0.5733051940131768
bm25,stopwords+stemming,92,0.6,0.46153846153846156,0.4952803075198282,0.36842088532873185
bm25,stopwords+stemming,93,0.1,1.0,0.5,0.6309297535714575
bm25,stopwords+stemming,94,0.6,0.5,0.5711399711399711,0.539724202465848
bm25,stopwords+stemming,95,0.2,1.0,0.3333333333333333,0.4156462850570397
bm25,stopwords+stemming,96,0.6,0.46153846153846156,0.41979363431252037,0.46967543197798206
bm25,stopwords+stemming,97,0.3,0.3,0.193920753332518,0.27292961537833405
bm25,stopwords+stemming,98,0.0,0.0,0.024729961468413587,0.0
bm25,stopwords+stemming,99,0.2,0.5,0.23690476190476192,0.3939150632681898
bm25,stopwords+stemming,100,0.3,0.3333333333333333,0.22965882698208226,0.3608522514905293
bm25,stopwords+stemming,101,0.5,0.8333333333333334,0.7458333333333332,0.8275547755997494
bm25,stopwords+stemming,102,0.2,0.5,0.3675689223057644,0.4551579014381324
bm25,stopwords+stemming,103,0.0,0.0,0.027777777777777776,0.0
bm25,stopwords+stemming,104,0.1,0.2,0.17330938170751548,0.21398626473452756
bm25,stopwords+stemming,105,0.3,0.6,0.4527458106198264,0.5552890378762663
bm25,stopwords+stemming,106,0.3,0.6,0.4493894993894994,0.6739728796273322
bm25,stopwords+stemming,107,0.3,0.42857142857142855,0.2873149259703881,0.3256515952042561
bm25,stopwords+stemming,108,0.5,0.7142857142857143,0.75139146567718,0.7332571413422981
bm25,stopwords+stemming,109,0.0,0.0,0.03697256940685104,0.0
bm25,stopwords+stemming,110,0.1,0.25,0.1522456088705721,0.3172735113973356
bm25,stopwords+stemming,111,0.2,0.2857142857142857,0.2602031087034356,0.17337536490245917
bm25,stopwords+stemming,112,0.1,0.5,0.3125,0.23981246656813146
bm25,stopwords+stemming,113,0.2,0.5,0.16323604193775146,0.312706129752478
bm25,stopwords+stemming,114,0.1,0.25,0.08064722137805173,0.22216592739310984
bm25,stopwords+stemming,115,0.1,0.25,0.057158163026209574,0.18353201471501096
bm25,stopwords+stemming,116,0.1,0.2,0.06259872459872459,0.11469315735198049
bm25,stopwords+stemming,117,0.0,0.0,0.03610930383864672,0.0
bm25,stopwords+stemming,118,0.2,0.6666666666666666,0.22584097859327215,0.39258655345796484
bm25,stopwords+stemming,119,0.1,1.0,1.0,1.0
bm25,stopwords+stemming,120,0.4,0.4444444444444444,0.4143846033198725,0.4370894718456114
bm25,stopwords+stemming,121,0.4,0.5714285714285714,0.5067693744164332,0.5043549364206398
bm25,stopwords+stemming,122,0.4,0.4444444444444444,0.2872334537679806,0.22871418407191377
bm25,stopwords+stemming,123,0.0,0.0,0.09215686274509804,0.0
bm25,stopwords+stemming,124,0.0,0.0,0.004347441437633153,0.0
bm25,stopwords+stemming,125,0.3,0.17647058823529413,0.258958765464259,0.4034931212248002
bm25,stopwords+stemming,126,0.2,0.25,0.21956774309775207,0.4718040076989788
bm25,stopwords+stemming,127,0.1,0.2,0.10678739855950563,0.1283624763817471
bm25,stopwords+stemming,128,0.0,0.0,0.01613212982523526,0.0
bm25,stopwords+stemming,129,0.4,0.5714285714285714,0.3981115305685578,0.5472422947616817
bm25,stopwords+stemming,130,0.4,0.8,0.4693772893772894,0.657804810369465
bm25,stopwords+stemming,131,0.3,0.375,0.31989117908235554,0.17564230807289768
bm25,stopwords+stemming,132,0.7,0.4666666666666667,0.6891563991563991,0.5190041345787261
bm25,stopwords+stemming,133,0.2,0.2857142857142857,0.25773275054422295,0.2320284239502061
bm25,stopwords+stemming,134,0.1,0.5,0.27,0.2960819109658652
bm25,stopwords+stemming,135,0.4,0.5,0.6270375457875458,0.3381215060051556
bm25,stopwords+stemming,136,0.1,0.3333333333333333,0.40534262485482,0.7795858045446329
bm25,stopwords+stemming,137,0.2,0.5,0.18589743589743588,0.26635197140928923
bm25,stopwords+stemming,138,0.1,0.5,0.1285714285714286,0.23719771276929622
bm25,stopwords+stemming,139,0.0,0.0,0.009078877682119785,0.0
bm25,stopwords+stemming,140,0.2,0.3333333333333333,0.17168615244457938,0.39254626340101756
bm25,stopwords+stemming,141,0.2,0.3333333333333333,0.13994769195692588,0.22425915378527386
bm25,stopwords+stemming,142,0.0,0.0,0.08333333333333333,0.0
bm25,stopwords+stemming,143,0.2,1.0,0.7,0.8503449055347546
bm25,stopwords+stemming,144,0.4,0.6666666666666666,0.36113445378151265,0.45145410179905676
bm25,stopwords+stemming,145,0.4,0.5714285714285714,0.24712009326371026,0.4273761190493699
bm25,stopwords+stemming,146,0.2,1.0,0.5833333333333333,0.6199062332840657
bm25,stopwords+stemming,147,0.4,0.4,0.2695995517515196,0.4226491022907915
bm25,stopwords+stemming,148,0.2,0.3333333333333333,0.21146489919143766,0.3643848206993147
bm25,stopwords+stemming,149,0.4,0.36363636363636365,0.37865483769633956,0.4658230948382866
bm25,stopwords+stemming,150,0.2,1.0,0.8333333333333333,0.9197207891481876
bm25,stopwords+stemming,151,0.0,0.0,0.029858977403612097,0.0
bm25,stopwords+stemming,152,0.0,0.0,0.021525550534030467,0.0
bm25,stopwords+stemming,153,0.3,0.42857142857142855,0.3289277842974497,0.3325382819409276
bm25,stopwords+stemming,154,0.2,1.0,0.75,0.7724397457735779
bm25,stopwords+stemming,155,0.2,0.3333333333333333,0.1711822660098522,0.17955683620108592
bm25,stopwords+stemming,156,0.7,0.5,0.4885004702137405,0.5303666986458262
bm25,stopwords+stemming,157,0.4,0.10256410256410256,0.3391883162634336,0.4362508324335776
bm25,stopwords+stemming,158,0.3,0.375,0.38721484508001364,0.6557285785338937
bm25,stopwords+stemming,159,0.2,0.25,0.07535396467465735,0.13332587770186785
bm25,stopwords+stemming,160,0.1,0.2,0.1195478042722137,0.24842742676916893
bm25,stopwords+stemming,161,0.3,0.5,0.5325059932619184,0.7193068819147437
bm25,stopwords+stemming,162,0.2,0.25,0.22707460077332367,0.19360022041160063
bm25,stopwords+stemming,163,0.2,0.6666666666666666,0.24263038548752833,0.40179981797758046
bm25,stopwords+stemming,164,0.5,0.625,0.46208738073144856,0.6573394977979616
bm25,stopwords+stemming,165,0.2,1.0,0.5833333333333333,0.6934264036172708
bm25,stopwords+stemming,166,0.1,0.125,0.040756447082885394,0.07614334071738353
bm25,stopwords+stemming,167,0.2,1.0,0.75,0.9060254355346823
bm25,stopwords+stemming,168,0.1,0.5,0.11559139784946236,0.21840743681816419
bm25,stopwords+stemming,169,0.2,0.5,0.2915485829959514,0.4144299250118475
bm25,stopwords+stemming,170,0.4,0.6666666666666666,0.5426495281107058,0.7089977134976617
bm25,stopwords+stemming,171,0.3,1.0,0.6388888888888888,0.6757709465491791
bm25,stopwords+stemming,172,0.4,1.0,0.6791666666666667,0.7179581484098557
bm25,stopwords+stemming,173,0.2,1.0,1.0,1.0
bm25,stopwords+stemming,174,0.1,0.2,0.06391614732723347,0.13068562306290038
bm25,stopwords+stemming,175,0.1,0.2,0.05772082104460328,0.11249465460323178
bm25,stopwords+stemming,176,0.1,0.14285714285714285,0.07771386753135556,0.11050445483542402
bm25,stopwords+stemming,177,0.4,0.8,0.6722222222222223,0.8193614879032166
bm25,stopwords+stemming,178,0.2,0.5,0.4729437229437229,0.7609829518290319
bm25,stopwords+stemming,179,0.2,0.5,0.33912879533084134,0.44149241373678083
bm25,stopwords+stemming,180,0.3,0.42857142857142855,0.4525082760376878,0.3557981268823876
bm25,stopwords+stemming,181,0.1,0.2,0.26348962118895275,0.24913276910075038
bm25,stopwords+stemming,182,0.2,1.0,0.5833333333333333,0.66967181649423
bm25,stopwords+stemming,183,0.6,0.46153846153846156,0.6100982955040949,0.5847349939663551
bm25,stopwords+stemming,184,0.3,0.42857142857142855,0.32243397358943565,0.4228049207300587
bm25,stopwords+stemming,185,0.6,0.6666666666666666,0.8247100122100122,0.8261325769102444
bm25,stopwords+stemming,186,0.4,0.25,0.15708419253624237,0.3254288624260272
bm25,stopwords+stemming,187,0.2,0.3333333333333333,0.19414756193739632,0.26366212131632955
bm25,stopwords+stemming,188,0.5,0.45454545454545453,0.39295693798649045,0.5607657235179823
bm25,stopwords+stemming,189,0.2,0.2222222222222222,0.12415997373215183,0.147793424913832
bm25,stopwords+stemming,190,0.2,0.4,0.39896769896769896,0.3854220824429437
bm25,stopwords+stemming,191,0.2,0.15384615384615385,0.35981403130513967,0.10874175303363229
bm25,stopwords+stemming,192,0.3,0.75,0.5104166666666666,0.6096199500078984
bm25,stopwords+stemming,193,0.8,0.8888888888888888,0.8317715585259444,0.8703922880991021
bm25,stopwords+stemming,194,0.1,0.16666666666666666,0.18654845154845154,0.09771745095530929
bm25,stopwords+stemming,195,0.1,0.3333333333333333,0.1032967032967033,0.18154179253735267
bm25,stopwords+stemming,196,0.3,0.25,0.13406395655594858,0.2686677042449259
bm25,stopwords+stemming,197,0.2,0.6666666666666666,0.6143790849673202,0.6651640917528849
bm25,stopwords+stemming,198,0.3,0.75,0.4722222222222222,0.6786411366138342
bm25,stopwords+stemming,199,0.2,0.25,0.11185849414898608,0.15030051947336306
bm25,stopwords+stemming,200,0.2,0.6666666666666666,0.23040935672514617,0.370291336443826
bm25,stopwords+stemming,201,0.4,0.25,0.3265496026390779,0.5733656287682914
bm25,stopwords+stemming,202,0.3,0.21428571428571427,0.20256058916156186,0.22553496689289096
bm25,stopwords+stemming,203,0.2,0.14285714285714285,0.1425544485646044,0.2595119865483232
bm25,stopwords+stemming,204,0.0,0.0,0.04319887619230373,0.0
bm25,stopwords+stemming,205,0.2,1.0,0.7,0.8503449055347546
bm25,stopwords+stemming,206,0.2,0.6666666666666666,0.2641122674235257,0.4909032264228103
bm25,stopwords+stemming,207,0.2,0.4,0.1976568063956346,0.3493699670318809
bm25,stopwords+stemming,208,0.6,1.0,0.6829365079365081,0.7633061715195564
bm25,stopwords+stemming,209,0.2,0.16666666666666666,0.143187774453105,0.13258919641418745
bm25,stopwords+stemming,210,0.2,0.3333333333333333,0.33902976418799197,0.48255059646431975
bm25,stopwords+stemming,211,0.1,0.09090909090909091,0.13277200879574538,0.09505638516634848
bm25,stopwords+stemming,212,0.6,0.42857142857142855,0.49695064752965407,0.5969127686353772
bm25,stopwords+stemming,213,0.5,0.45454545454545453,0.5814494202028007,0.6087994651344372
bm25,stopwords+stemming,214,0.1,0.25,0.15808840282524492,0.24630238874073
bm25,stopwords+stemming,215,0.0,0.0,0.05057471264367816,0.0
bm25,stopwords+stemming,216,0.0,0.0,0.002617801047120419,0.0
bm25,stopwords+stemming,217,0.4,0.26666666666666666,0.3080446041135295,0.42856818737923735
bm25,stopwords+stemming,218,0.3,0.2,0.32492349756102595,0.38614556837753683
bm25,stopwords+stemming,219,0.0,0.0,0.03698006273642422,0.0
bm25,stopwords+stemming,220,0.3,0.15789473684210525,0.2076917110410908,0.25621655405448196
bm25,stopwords+stemming,221,0.3,0.16666666666666666,0.23697107272277748,0.35973860755587767
bm25,stopwords+stemming,222,0.6,0.6666666666666666,0.778951028951029,0.762205723787106
bm25,stopwords+stemming,223,0.3,0.75,0.46249999999999997,0.592512031964586
bm25,stopwords+stemming,224,0.1,0.125,0.13993724203861183,0.10191783806499992
bm25,stopwords+stemming,225,0.3,0.125,0.09159470871149404,0.19653126457253003
